module,clone_status,pt_mid,median_score_z,ci_low,ci_high,n_participants,n_cells
Cytotoxicity,Expanded,0.06821,-0.08500665928292059,-0.29229763442885004,0.03481119091561966,32,75
Cytotoxicity,Expanded,0.17149999999999999,-0.031780079178464225,-0.26612041400786945,0.06840954801764879,35,83
Cytotoxicity,Expanded,0.262,-0.02646762907680028,-0.09634359244417043,0.10015750069321497,47,104
Cytotoxicity,Expanded,0.357,0.10284207786829107,-0.10358455413763101,0.21543036070029997,66,154
Cytotoxicity,Expanded,0.453,0.1339019843225174,-0.024192821397966774,0.2364898383042242,66,158
Cytotoxicity,Expanded,0.5509999999999999,0.0948339532428176,-0.00219397546289894,0.19598807378489055,72,201
Cytotoxicity,Expanded,0.651,0.23043591625485035,0.11896347063796381,0.29996001184814125,69,198
Cytotoxicity,Expanded,0.7495,0.28144110829468666,0.22514065575855424,0.4074194918019473,67,219
Cytotoxicity,Expanded,0.8455,0.2690415968370401,0.20913440985832454,0.3513574260484419,75,270
Cytotoxicity,Expanded,0.946,0.3679581732649437,0.2174551519342969,0.476283123292805,75,314
Cytotoxicity,Singleton,0.06821,-0.41023862633210206,-0.4607813513765078,-0.33776346575804067,153,828
Cytotoxicity,Singleton,0.17149999999999999,-0.4038436792854331,-0.4556327381119896,-0.31553304218668426,159,819
Cytotoxicity,Singleton,0.262,-0.3529049133445502,-0.43417269492466265,-0.2766340608119714,153,798
Cytotoxicity,Singleton,0.357,-0.31647224169559585,-0.38633953535123544,-0.25573972551618207,158,748
Cytotoxicity,Singleton,0.453,-0.24456149899478047,-0.32151821737965247,-0.18596909727627653,160,744
Cytotoxicity,Singleton,0.5509999999999999,-0.16322543218867835,-0.2623832842814845,-0.06976801213897707,162,701
Cytotoxicity,Singleton,0.651,-0.00692683579896472,-0.09906709312849316,0.06668018721538067,158,704
Cytotoxicity,Singleton,0.7495,-0.012822998753263011,-0.10859708647807621,0.09451544480111765,154,683
Cytotoxicity,Singleton,0.8455,0.11459599143071003,0.04341782661242607,0.23125360502793432,145,632
Cytotoxicity,Singleton,0.946,0.32133939381359367,0.26029571638625043,0.46283716279666764,129,589
EOMES_ZEB2,Expanded,0.06821,-0.2118329501083474,-0.39182583037066676,-0.0531249890265443,32,75
EOMES_ZEB2,Expanded,0.17149999999999999,-0.09005396872990984,-0.31992262350030815,0.15105195905372532,35,83
EOMES_ZEB2,Expanded,0.262,-0.000531821839702018,-0.1320072181815028,0.21315482200073194,47,104
EOMES_ZEB2,Expanded,0.357,0.07283135882274924,-0.05062843173556257,0.25989984505191355,66,154
EOMES_ZEB2,Expanded,0.453,0.30425857208537005,0.05095778391197975,0.5080650228732227,66,158
EOMES_ZEB2,Expanded,0.5509999999999999,0.17581445399940632,0.06515782805809918,0.32101224621139013,72,201
EOMES_ZEB2,Expanded,0.651,0.3747056785994063,0.25680081220084344,0.5347623241385573,69,198
EOMES_ZEB2,Expanded,0.7495,0.4014055872754738,0.28772751490447396,0.4760907896822052,67,219
EOMES_ZEB2,Expanded,0.8455,0.34658326584178983,0.2929273148493239,0.5441776111804447,75,270
EOMES_ZEB2,Expanded,0.946,0.4681841994922108,0.2983097541948563,0.6992215843586375,75,314
EOMES_ZEB2,Singleton,0.06821,-0.544204351645412,-0.5932614192459359,-0.3937977528880976,153,828
EOMES_ZEB2,Singleton,0.17149999999999999,-0.47301712442544036,-0.5291342551302323,-0.36945458924961044,159,819
EOMES_ZEB2,Singleton,0.262,-0.37526492837761877,-0.4350960886204905,-0.3157332847074532,153,798
EOMES_ZEB2,Singleton,0.357,-0.2877580938635359,-0.37786578066751914,-0.20770216321627752,158,748
EOMES_ZEB2,Singleton,0.453,-0.2664400393616153,-0.34976043151678804,-0.15766895121480873,160,744
EOMES_ZEB2,Singleton,0.5509999999999999,-0.10955066351823173,-0.2018343195356668,-0.006899505322823863,162,701
EOMES_ZEB2,Singleton,0.651,0.05394662665442629,-0.0657994245818447,0.1325037636394089,158,704
EOMES_ZEB2,Singleton,0.7495,0.13588712464339764,0.03964360588266526,0.247795748891735,154,683
EOMES_ZEB2,Singleton,0.8455,0.2565572775806667,0.15778318705264158,0.3735624441720535,145,632
EOMES_ZEB2,Singleton,0.946,0.6015009360797224,0.5011375518592597,0.6778438876437924,129,589
GZMK_inflammatory_memory,Expanded,0.06821,0.1468105950107419,-0.12741356446836402,0.4573226416666778,32,75
GZMK_inflammatory_memory,Expanded,0.17149999999999999,0.287246065097892,0.0672683131147884,0.4060549109801306,35,83
GZMK_inflammatory_memory,Expanded,0.262,0.17605783357635163,-0.06028212268529738,0.5010124524850565,47,104
GZMK_inflammatory_memory,Expanded,0.357,0.18129858355400835,-0.011129896764322167,0.33906045326478773,66,154
GZMK_inflammatory_memory,Expanded,0.453,0.07018161701466273,-0.039003268193194496,0.1656854009853957,66,158
GZMK_inflammatory_memory,Expanded,0.5509999999999999,-0.030653690269667463,-0.22758461780178826,0.19004967224677316,72,201
GZMK_inflammatory_memory,Expanded,0.651,0.13543896976968847,-0.019068679478288,0.24235252313710184,69,198
GZMK_inflammatory_memory,Expanded,0.7495,0.16030069622406068,-0.04615974843020227,0.25222927071376927,67,219
GZMK_inflammatory_memory,Expanded,0.8455,-0.011499541154456672,-0.09015211144719866,0.07271204154520308,75,270
GZMK_inflammatory_memory,Expanded,0.946,-0.04594484040059691,-0.16225608430047667,0.06164019511192622,75,314
GZMK_inflammatory_memory,Singleton,0.06821,-0.05178051751118101,-0.11326839560446182,0.016547178489455854,153,828
GZMK_inflammatory_memory,Singleton,0.17149999999999999,-0.10244877414241464,-0.15880349110593395,0.03612594486957709,159,819
GZMK_inflammatory_memory,Singleton,0.262,-0.029975607603907002,-0.1210235544822715,0.02219985720082365,153,798
GZMK_inflammatory_memory,Singleton,0.357,-0.08195656519371246,-0.13451978956491256,0.03548002352311704,158,748
GZMK_inflammatory_memory,Singleton,0.453,-0.09833655679606496,-0.19453543913440136,-0.04310755484322194,160,744
GZMK_inflammatory_memory,Singleton,0.5509999999999999,-0.05545346726019371,-0.11324499404506724,0.0320240699640981,162,701
GZMK_inflammatory_memory,Singleton,0.651,0.007347870650145757,-0.07500066927245103,0.09535992713947475,158,704
GZMK_inflammatory_memory,Singleton,0.7495,0.006676715298382544,-0.06827777530016328,0.07784098361698023,154,683
GZMK_inflammatory_memory,Singleton,0.8455,0.0025556655000491166,-0.0971228940461765,0.09671886563557179,145,632
GZMK_inflammatory_memory,Singleton,0.946,0.06734348724169022,-0.014359170533202242,0.12762844565150627,129,589
Th1_Tc1,Expanded,0.06821,-0.1488540159429687,-0.26987827638387585,0.10298116940620301,32,75
Th1_Tc1,Expanded,0.17149999999999999,-0.18680252466187233,-0.2776772460297405,0.12937938373782765,35,83
Th1_Tc1,Expanded,0.262,-0.10945792484941654,-0.24435098627351656,0.13862310239028336,47,104
Th1_Tc1,Expanded,0.357,0.04593782194413637,-0.1262659061512902,0.11299023982230628,66,154
Th1_Tc1,Expanded,0.453,-0.03944641852178254,-0.1597847060578835,0.10138105149658785,66,158
Th1_Tc1,Expanded,0.5509999999999999,0.09468707514505442,-0.00031206513041790395,0.25286601316455176,72,201
Th1_Tc1,Expanded,0.651,0.2407487818254346,0.013604026042626857,0.42194043403986314,69,198
Th1_Tc1,Expanded,0.7495,0.27825321615886855,0.1555019292483814,0.4599856672554964,67,219
Th1_Tc1,Expanded,0.8455,0.3329824737262426,0.2624993833749045,0.4808341400717581,75,270
Th1_Tc1,Expanded,0.946,0.3584430144824987,0.26352230863050646,0.4668122461189208,75,314
Th1_Tc1,Singleton,0.06821,-0.3748251584827493,-0.4548340988574436,-0.32123272334443254,153,828
Th1_Tc1,Singleton,0.17149999999999999,-0.35510699853338457,-0.4467081307285363,-0.28577082859755826,159,819
Th1_Tc1,Singleton,0.262,-0.2677235675612309,-0.38840479363288144,-0.23325235829255572,153,798
Th1_Tc1,Singleton,0.357,-0.2312922554099917,-0.2788629333198661,-0.16987731187300087,158,748
Th1_Tc1,Singleton,0.453,-0.27630543401615604,-0.31724004857688015,-0.189432749258646,160,744
Th1_Tc1,Singleton,0.5509999999999999,-0.11773134590256572,-0.21130832827213436,-0.028533483850524767,162,701
Th1_Tc1,Singleton,0.651,0.011099991599946051,-0.0836062598761858,0.16665333131920937,158,704
Th1_Tc1,Singleton,0.7495,0.1327197365433776,0.05585107517778246,0.21758525228481312,154,683
Th1_Tc1,Singleton,0.8455,0.24352486850925803,0.10782064494981498,0.2785077386753557,145,632
Th1_Tc1,Singleton,0.946,0.38290907158972076,0.31745081089170657,0.5773444644975078,129,589
