domain,comparison,receptor_model,roc_auc,roc_auc_ci_low,roc_auc_ci_high,n,n_positive,n_negative,null_95th_percentile,evaluation,interval_method,model_label,model_name,chain_group,sequence_type,k,selection_auc_mean,selection_balanced_accuracy_mean,pr_auc,balanced_accuracy,pr_auc_ci_low,pr_auc_ci_high,balanced_accuracy_ci_low,balanced_accuracy_ci_high,bootstrap_replicates,positive_label,maximum_fitting_iterations,configured_max_iterations
diagnosis,cd_vs_control,TCR,0.9888888888888888,0.9777777777777776,1.0,115,91,24,0.6466666666666665,fully nested outer-fold validation,outer-fold distribution,,,,,,,,,,,,,,,,,
diagnosis,uc_vs_control,TCR,1.0,1.0,1.0,91,67,24,0.6892307692307692,fully nested outer-fold validation,outer-fold distribution,,,,,,,,,,,,,,,,,
diagnosis,cd_vs_uc,TCR,0.8888888888888888,0.7976190476190477,0.9473684210526316,158,91,67,0.5992063492063492,fully nested outer-fold validation,outer-fold distribution,,,,,,,,,,,,,,,,,
diagnosis,cd_vs_control,BCR,0.8444444444444443,0.7777777777777777,0.8777777777777778,115,91,24,0.6329824561403509,fully nested outer-fold validation,outer-fold distribution,,,,,,,,,,,,,,,,,
diagnosis,uc_vs_control,BCR,0.8214285714285714,0.7428571428571429,0.9384615384615383,91,67,24,0.6571428571428571,fully nested outer-fold validation,outer-fold distribution,,,,,,,,,,,,,,,,,
diagnosis,cd_vs_uc,BCR,0.7393162393162394,0.6626984126984127,0.7948717948717948,158,91,67,0.5927800269905532,fully nested outer-fold validation,outer-fold distribution,,,,,,,,,,,,,,,,,
inflammation,cd_inflamed_vs_noninflamed,BCR,0.686764705882353,0.5619498278058215,0.7999152131782946,91,40,51,,fixed selected model; participant-level 5-fold CV,participant bootstrap of out-of-fold predictions,SVM AA heavy K3,SVM,bcr_heavy,aa,3.0,0.76875,0.7,0.6936693067998759,0.6752450980392157,0.552238163567944,0.8216885308782852,0.5724814955850631,0.7722763629013629,3000.0,Inflamed,14.0,500000.0
inflammation,cd_inflamed_vs_noninflamed,TCR,0.709313725490196,0.5946011376248612,0.808842034674109,91,40,51,,fixed selected model; participant-level 5-fold CV,participant bootstrap of out-of-fold predictions,SVM AA alpha+beta K3,SVM,tcr_alpha_beta,aa,3.0,0.83125,0.7166666666666667,0.6203883558777523,0.6215686274509804,0.47873892723814687,0.7815636660704067,0.5299181465038846,0.7123065476190475,3000.0,Inflamed,27.0,500000.0
inflammation,cd_inflamed_vs_noninflamed,TCR+BCR,0.7411764705882353,0.624503925361247,0.84369224994225,91,40,51,,fixed selected model; participant-level 5-fold CV,participant bootstrap of out-of-fold predictions,SVM | TCR alpha+beta + BCR heavy | AA K4,,,,,0.7583333333333335,0.6708333333333334,0.7533134477077195,0.6080882352941177,0.6200111245146795,0.8586917268680703,0.5317767689664413,0.6900415054803353,3000.0,Inflamed,8.0,500000.0
inflammation,uc_inflamed_vs_noninflamed,BCR,0.6527777777777778,0.506228236537744,0.7804958117762996,67,40,27,,fixed selected model; participant-level 5-fold CV,participant bootstrap of out-of-fold predictions,SVM NT heavy+light K3,SVM,bcr_heavy_light,nt,3.0,0.7423076923076923,0.6692307692307693,0.7259529911495254,0.6157407407407407,0.582092080175684,0.8624049687131143,0.5018305171530978,0.729364655923345,3000.0,Inflamed,113815.0,500000.0
inflammation,uc_inflamed_vs_noninflamed,TCR,0.8777777777777778,0.7885155807263833,0.9521631823461092,67,40,27,,fixed selected model; participant-level 5-fold CV,participant bootstrap of out-of-fold predictions,SVM AA gamma K3,SVM,tcr_gamma,aa,3.0,0.8083333333333333,0.7375,0.9206076339090038,0.7277777777777779,0.8511262082295264,0.9709906836114446,0.6194908301158302,0.8309108527131783,3000.0,Inflamed,10.0,500000.0
inflammation,uc_inflamed_vs_noninflamed,TCR+BCR,0.6851851851851851,0.5476011793084963,0.8162363427257046,67,40,27,,fixed selected model; participant-level 5-fold CV,participant bootstrap of out-of-fold predictions,LR | TCR alpha + BCR light | AA K3,,,,,0.7999999999999999,0.5365384615384616,0.7365327793697686,0.5055555555555555,0.6000668731883207,0.8977913585744699,0.4338383838383838,0.5839587242026266,3000.0,Inflamed,8.0,500000.0
therapy_response,anti_tnf_nonresponder_vs_responder,BCR,0.7171280276816608,0.5841180660424264,0.8350979722032355,68,34,34,,fixed selected model; participant-level 5-fold CV,participant bootstrap of out-of-fold predictions,LR AA heavy K4,LR,bcr_heavy,aa,4.0,0.7327272727272727,0.6627272727272727,0.7360070242770035,0.6911764705882353,0.5824085863764451,0.871043191312851,0.5753078778860028,0.8003596338273758,3000.0,NonResponder,9.0,500000.0
therapy_response,anti_tnf_nonresponder_vs_responder,TCR,0.7508650519031141,0.6298228920050993,0.8588751352813853,68,34,34,,fixed selected model; participant-level 5-fold CV,participant bootstrap of out-of-fold predictions,SVM AA beta K4,SVM,tcr_beta,aa,4.0,0.8363636363636363,0.7227272727272728,0.7620083571049467,0.6470588235294117,0.6125471085149652,0.8887162016378004,0.5350804896857528,0.7534722222222222,3000.0,NonResponder,9.0,500000.0
therapy_response,anti_tnf_nonresponder_vs_responder,TCR+BCR,0.7474048442906575,0.622154421594841,0.8572759775621904,68,34,34,,fixed selected model; participant-level 5-fold CV,participant bootstrap of out-of-fold predictions,SVM | TCR alpha+beta + BCR heavy | AA K4,,,,,0.7945454545454546,0.659090909090909,0.7822690752332746,0.6323529411764706,0.6427613679481048,0.8888559642730768,0.5164368390230459,0.741077628968254,3000.0,NonResponder,9.0,500000.0
therapy_response,combined_biologic_nonresponder_vs_responder,BCR,0.7433401639344261,0.6561671425232086,0.8306524461201881,125,64,61,,fixed selected model; participant-level 5-fold CV,participant bootstrap of out-of-fold predictions,SVM AA heavy K4,SVM,bcr_heavy,aa,4.0,0.7412742382271468,0.6789473684210525,0.7538252340634037,0.6704661885245902,0.6460685993729537,0.850794373060699,0.5892632966845313,0.7514126334928043,3000.0,NonResponder,9.0,500000.0
therapy_response,combined_biologic_nonresponder_vs_responder,TCR,0.7453893442622952,0.656504144134077,0.8289818722943725,125,64,61,,fixed selected model; participant-level 5-fold CV,participant bootstrap of out-of-fold predictions,LR AA beta K4,LR,tcr_beta,aa,4.0,0.8858725761772852,0.7263157894736842,0.7518990755635941,0.6673924180327868,0.6422432611190302,0.8521892743498096,0.5928553897376603,0.7431064116405337,3000.0,NonResponder,9.0,500000.0
therapy_response,combined_biologic_nonresponder_vs_responder,TCR+BCR,0.7745901639344263,0.6886244761414603,0.8513302034428795,125,64,61,,fixed selected model; participant-level 5-fold CV,participant bootstrap of out-of-fold predictions,LR | TCR beta + BCR light | AA K4,,,,,0.754016620498615,0.6789473684210525,0.7514430962618682,0.6696977459016393,0.6362960272712449,0.8645777066730305,0.5886477548793272,0.748453557312253,3000.0,NonResponder,9.0,500000.0
therapy_response,ustekinumab_nonresponder_vs_responder,BCR,0.8464052287581699,0.6993464052287581,0.9509803921568627,35,17,18,,fixed selected model; participant-level 5-fold CV,participant bootstrap of out-of-fold predictions,SVM AA heavy K4,SVM,bcr_heavy,aa,4.0,0.98,0.8266666666666668,0.8673324719510969,0.7352941176470589,0.7085020537935454,0.96259141265845,0.6111111111111112,0.8529718137254904,3000.0,NonResponder,8.0,500000.0
therapy_response,ustekinumab_nonresponder_vs_responder,TCR,0.9117647058823529,0.7744803921568627,1.0,35,17,18,,fixed selected model; participant-level 5-fold CV,participant bootstrap of out-of-fold predictions,LR AA beta K4,LR,tcr_beta,aa,4.0,0.9866666666666668,0.8033333333333333,0.9433826150781168,0.8235294117647058,0.8481060606060606,1.0,0.7058823529411764,0.9333333333333333,3000.0,NonResponder,9.0,500000.0
therapy_response,ustekinumab_nonresponder_vs_responder,TCR+BCR,0.9542483660130718,0.8823529411764706,1.0,35,17,18,,fixed selected model; participant-level 5-fold CV,participant bootstrap of out-of-fold predictions,SVM | TCR beta + BCR light | AA K4,,,,,0.9933333333333334,0.8833333333333334,0.957581749277251,0.8529411764705883,0.8832786902639844,1.0,0.7380952380952381,0.9615384615384616,3000.0,NonResponder,10.0,500000.0
therapy_response,vedolizumab_nonresponder_vs_responder,BCR,0.6837606837606838,0.4270833333333333,0.9008264462809917,22,13,9,,fixed selected model; participant-level 5-fold CV,participant bootstrap of out-of-fold predictions,LR NT light K3,LR,bcr_light,nt,3.0,0.75,0.6083333333333333,0.781192817859286,0.6452991452991452,0.5548597756410256,0.9469324889163847,0.444375,0.8392857142857143,3000.0,NonResponder,7.0,500000.0
therapy_response,vedolizumab_nonresponder_vs_responder,TCR,0.5384615384615385,0.2644484618916437,0.8,22,13,9,,fixed selected model; participant-level 5-fold CV,participant bootstrap of out-of-fold predictions,LR NT alpha+beta K4,LR,tcr_alpha_beta,nt,4.0,0.8166666666666668,0.7166666666666666,0.6240003586157432,0.49572649572649574,0.4175114364801864,0.9030550077025182,0.3181818181818182,0.680952380952381,3000.0,NonResponder,7.0,500000.0
therapy_response,vedolizumab_nonresponder_vs_responder,TCR+BCR,0.7094017094017094,0.4666666666666666,0.9142857142857143,22,13,9,,fixed selected model; participant-level 5-fold CV,participant bootstrap of out-of-fold predictions,LR | TCR beta + BCR light | AA K4,,,,,0.7500000000000001,0.5,0.8124668632021572,0.5,0.6031115249129956,0.9594093406593406,0.5,0.5,3000.0,NonResponder,9.0,500000.0
