domain,comparison,receptor,feature,feature_token,mean_absolute_shap,relative_mean_absolute_shap,direction,direction_sign,rank,model_name,model_label,chain_group,sequence_type,k,selection_auc_mean,selection_balanced_accuracy_mean,selection_source,comparison_label,positive_label,n_samples_refit,n_positive_refit,n_negative_refit,shap_method,model_display,feature_stability_status
diagnosis,cd_vs_control,TCR,TCR:CASS,CASS,0.0175176270548751,1.0,+ CD,1,1,LR,LR AA alpha+beta K4,tcr_alpha_beta,aa,4.0,0.9928571428571428,0.5,C:/path/to/private-immuneml-results\TCR Results\advanced_immuneml_models\diagnosis_with_svm\tcr_diagnosis_all_models_summary_with_svm_plotted_values.csv,CD vs Control,CD,115.0,91.0,24.0,Exact linear SHAP: coefficient * (standardized feature - cohort background mean),TCR: LR a+b AA K4 | sel. AUC 0.99,Not estimated; full-cohort refit SHAP
diagnosis,cd_vs_control,TCR,TCR:ASSL,ASSL,0.0084727388271949,0.48366932351359565,+ CD,1,2,LR,LR AA alpha+beta K4,tcr_alpha_beta,aa,4.0,0.9928571428571428,0.5,C:/path/to/private-immuneml-results\TCR Results\advanced_immuneml_models\diagnosis_with_svm\tcr_diagnosis_all_models_summary_with_svm_plotted_values.csv,CD vs Control,CD,115.0,91.0,24.0,Exact linear SHAP: coefficient * (standardized feature - cohort background mean),TCR: LR a+b AA K4 | sel. AUC 0.99,Not estimated; full-cohort refit SHAP
diagnosis,cd_vs_control,BCR,BCR:CQQY,CQQY,0.0113670382110237,1.0,+ CD,1,1,LR,LR AA heavy+light K4,bcr_heavy_light,aa,4.0,0.993877551020408,0.5571428571428572,C:/path/to/private-immuneml-results\BCR Results\tables\bcr_diagnosis_lr_svm_feature_model_summary_aggregate.csv,CD vs Control,CD,115.0,91.0,24.0,Exact linear SHAP: coefficient * (standardized feature - cohort background mean),BCR: LR H+L AA K4 | sel. AUC 0.99,Not estimated; full-cohort refit SHAP
diagnosis,cd_vs_control,BCR,BCR:QQYG,QQYG,0.0069687105222398,0.613062997842444,+ CD,1,2,LR,LR AA heavy+light K4,bcr_heavy_light,aa,4.0,0.993877551020408,0.5571428571428572,C:/path/to/private-immuneml-results\BCR Results\tables\bcr_diagnosis_lr_svm_feature_model_summary_aggregate.csv,CD vs Control,CD,115.0,91.0,24.0,Exact linear SHAP: coefficient * (standardized feature - cohort background mean),BCR: LR H+L AA K4 | sel. AUC 0.99,Not estimated; full-cohort refit SHAP
diagnosis,uc_vs_control,TCR,TCR:CASS,CASS,0.0150706407590885,1.0,+ UC,1,1,LR,LR AA beta K4,tcr_beta,aa,4.0,1.0,0.5142857142857142,C:/path/to/private-immuneml-results\TCR Results\advanced_immuneml_models\diagnosis_with_svm\tcr_diagnosis_all_models_summary_with_svm_plotted_values.csv,UC vs Control,UC,91.0,67.0,24.0,Exact linear SHAP: coefficient * (standardized feature - cohort background mean),TCR: LR b AA K4 | sel. AUC 1.00,Not estimated; full-cohort refit SHAP
diagnosis,uc_vs_control,TCR,TCR:ASSL,ASSL,0.0079301426174723,0.5261981055908289,+ UC,1,2,LR,LR AA beta K4,tcr_beta,aa,4.0,1.0,0.5142857142857142,C:/path/to/private-immuneml-results\TCR Results\advanced_immuneml_models\diagnosis_with_svm\tcr_diagnosis_all_models_summary_with_svm_plotted_values.csv,UC vs Control,UC,91.0,67.0,24.0,Exact linear SHAP: coefficient * (standardized feature - cohort background mean),TCR: LR b AA K4 | sel. AUC 1.00,Not estimated; full-cohort refit SHAP
diagnosis,uc_vs_control,BCR,BCR:LYSF,LYSF,0.0140039277952459,1.0,- UC,-1,1,LR,LR AA light K4,bcr_light,aa,4.0,1.0,0.5428571428571429,C:/path/to/private-immuneml-results\BCR Results\tables\bcr_diagnosis_lr_svm_feature_model_summary_aggregate.csv,UC vs Control,UC,91.0,67.0,24.0,Exact linear SHAP: coefficient * (standardized feature - cohort background mean),BCR: LR L AA K4 | sel. AUC 1.00,Not estimated; full-cohort refit SHAP
diagnosis,uc_vs_control,BCR,BCR:QLYS,QLYS,0.013282212537681,0.9484633691263454,- UC,-1,2,LR,LR AA light K4,bcr_light,aa,4.0,1.0,0.5428571428571429,C:/path/to/private-immuneml-results\BCR Results\tables\bcr_diagnosis_lr_svm_feature_model_summary_aggregate.csv,UC vs Control,UC,91.0,67.0,24.0,Exact linear SHAP: coefficient * (standardized feature - cohort background mean),BCR: LR L AA K4 | sel. AUC 1.00,Not estimated; full-cohort refit SHAP
diagnosis,cd_vs_uc,TCR,TCR:KLIF,KLIF,0.0319514966878048,1.0,+ CD,1,1,LR,LR AA gamma+delta K4,tcr_gamma_delta,aa,4.0,0.8329629629629629,0.71,C:/path/to/private-immuneml-results\TCR Results\advanced_immuneml_models\diagnosis_with_svm\tcr_diagnosis_all_models_summary_with_svm_plotted_values.csv,CD vs UC,CD,158.0,91.0,67.0,Exact linear SHAP: coefficient * (standardized feature - cohort background mean),TCR: LR g+d AA K4 | sel. AUC 0.83,Not estimated; full-cohort refit SHAP
diagnosis,cd_vs_uc,TCR,TCR:CACD,CACD,0.0303495052361815,0.9498617711941254,+ CD,1,2,LR,LR AA gamma+delta K4,tcr_gamma_delta,aa,4.0,0.8329629629629629,0.71,C:/path/to/private-immuneml-results\TCR Results\advanced_immuneml_models\diagnosis_with_svm\tcr_diagnosis_all_models_summary_with_svm_plotted_values.csv,CD vs UC,CD,158.0,91.0,67.0,Exact linear SHAP: coefficient * (standardized feature - cohort background mean),TCR: LR g+d AA K4 | sel. AUC 0.83,Not estimated; full-cohort refit SHAP
diagnosis,cd_vs_uc,BCR,BCR:MDVW,MDVW,0.0007877645449091,1.0,+ CD,1,1,SVM,SVM AA heavy K4,bcr_heavy,aa,4.0,0.7396428571428573,0.6735714285714286,C:/path/to/private-immuneml-results\BCR Results\tables\bcr_diagnosis_lr_svm_feature_model_summary_aggregate.csv,CD vs UC,CD,158.0,91.0,67.0,Exact linear SHAP: coefficient * (standardized feature - cohort background mean),BCR: SVM H AA K4 | sel. AUC 0.74,Not estimated; full-cohort refit SHAP
diagnosis,cd_vs_uc,BCR,BCR:GMDV,GMDV,0.000584863181293,0.7424339989310984,+ CD,1,2,SVM,SVM AA heavy K4,bcr_heavy,aa,4.0,0.7396428571428573,0.6735714285714286,C:/path/to/private-immuneml-results\BCR Results\tables\bcr_diagnosis_lr_svm_feature_model_summary_aggregate.csv,CD vs UC,CD,158.0,91.0,67.0,Exact linear SHAP: coefficient * (standardized feature - cohort background mean),BCR: SVM H AA K4 | sel. AUC 0.74,Not estimated; full-cohort refit SHAP
inflammation,cd_inflamed_vs_noninflamed,TCR,TCR:EAR,EAR,0.0035766029986353,1.0,- Inflamed,-1,1,SVM,SVM AA alpha+beta K3,tcr_alpha_beta,aa,3.0,0.83125,0.7166666666666667,C:/path/to/private-immuneml-results\TCR Results\advanced_immuneml_models\inflammation_with_svm\tcr_inflammation_all_models_summary_with_svm_plotted_values.csv,CD inflamed vs noninflamed,Inflamed,91.0,40.0,51.0,Exact linear SHAP: coefficient * (standardized feature - cohort background mean),TCR: SVM a+b AA K3 | sel. AUC 0.83,Not estimated; full-cohort refit SHAP
inflammation,cd_inflamed_vs_noninflamed,TCR,TCR:GWN,GWN,0.0030039571844441,0.8398911440800949,- Inflamed,-1,2,SVM,SVM AA alpha+beta K3,tcr_alpha_beta,aa,3.0,0.83125,0.7166666666666667,C:/path/to/private-immuneml-results\TCR Results\advanced_immuneml_models\inflammation_with_svm\tcr_inflammation_all_models_summary_with_svm_plotted_values.csv,CD inflamed vs noninflamed,Inflamed,91.0,40.0,51.0,Exact linear SHAP: coefficient * (standardized feature - cohort background mean),TCR: SVM a+b AA K3 | sel. AUC 0.83,Not estimated; full-cohort refit SHAP
inflammation,cd_inflamed_vs_noninflamed,BCR,BCR:AKR,AKR,0.0030719607966802,1.0,+ Inflamed,1,1,SVM,SVM AA heavy K3,bcr_heavy,aa,3.0,0.76875,0.7,C:/path/to/private-immuneml-results\BCR Results\tables\bcr_inflammation_lr_svm_feature_model_summary_aggregate.csv,CD inflamed vs noninflamed,Inflamed,91.0,40.0,51.0,Exact linear SHAP: coefficient * (standardized feature - cohort background mean),BCR: SVM H AA K3 | sel. AUC 0.77,Not estimated; full-cohort refit SHAP
inflammation,cd_inflamed_vs_noninflamed,BCR,BCR:EYC,EYC,0.003060243707531,0.9961857947009408,- Inflamed,-1,2,SVM,SVM AA heavy K3,bcr_heavy,aa,3.0,0.76875,0.7,C:/path/to/private-immuneml-results\BCR Results\tables\bcr_inflammation_lr_svm_feature_model_summary_aggregate.csv,CD inflamed vs noninflamed,Inflamed,91.0,40.0,51.0,Exact linear SHAP: coefficient * (standardized feature - cohort background mean),BCR: SVM H AA K3 | sel. AUC 0.77,Not estimated; full-cohort refit SHAP
inflammation,uc_inflamed_vs_noninflamed,TCR,TCR:KLF,KLF,0.0084452723690427,1.0,+ Inflamed,1,1,SVM,SVM AA gamma K3,tcr_gamma,aa,3.0,0.8083333333333333,0.7375,C:/path/to/private-immuneml-results\TCR Results\advanced_immuneml_models\inflammation_with_svm\tcr_inflammation_all_models_summary_with_svm_plotted_values.csv,UC inflamed vs noninflamed,Inflamed,67.0,40.0,27.0,Exact linear SHAP: coefficient * (standardized feature - cohort background mean),TCR: SVM g AA K3 | sel. AUC 0.81,Not estimated; full-cohort refit SHAP
inflammation,uc_inflamed_vs_noninflamed,TCR,TCR:KKL,KKL,0.0070278790974688,0.8321672517313299,+ Inflamed,1,2,SVM,SVM AA gamma K3,tcr_gamma,aa,3.0,0.8083333333333333,0.7375,C:/path/to/private-immuneml-results\TCR Results\advanced_immuneml_models\inflammation_with_svm\tcr_inflammation_all_models_summary_with_svm_plotted_values.csv,UC inflamed vs noninflamed,Inflamed,67.0,40.0,27.0,Exact linear SHAP: coefficient * (standardized feature - cohort background mean),TCR: SVM g AA K3 | sel. AUC 0.81,Not estimated; full-cohort refit SHAP
inflammation,uc_inflamed_vs_noninflamed,BCR,BCR:TAG,TAG,0.7315896802032057,1.0,+ Inflamed,1,1,SVM,SVM NT heavy+light K3,bcr_heavy_light,nt,3.0,0.7423076923076923,0.6692307692307693,C:/path/to/private-immuneml-results\BCR Results\tables\bcr_inflammation_lr_svm_feature_model_summary_aggregate.csv,UC inflamed vs noninflamed,Inflamed,67.0,40.0,27.0,Exact linear SHAP: coefficient * (standardized feature - cohort background mean),BCR: SVM H+L NT K3 | sel. AUC 0.74,Not estimated; full-cohort refit SHAP
inflammation,uc_inflamed_vs_noninflamed,BCR,BCR:AAC,AAC,0.5975937607894399,0.816842797213122,+ Inflamed,1,2,SVM,SVM NT heavy+light K3,bcr_heavy_light,nt,3.0,0.7423076923076923,0.6692307692307693,C:/path/to/private-immuneml-results\BCR Results\tables\bcr_inflammation_lr_svm_feature_model_summary_aggregate.csv,UC inflamed vs noninflamed,Inflamed,67.0,40.0,27.0,Exact linear SHAP: coefficient * (standardized feature - cohort background mean),BCR: SVM H+L NT K3 | sel. AUC 0.74,Not estimated; full-cohort refit SHAP
therapy_response,combined_biologic_nonresponder_vs_responder,TCR,TCR:SFSG,SFSG,0.0044680137382148,1.0,+ NonResponder,1,1,LR,LR AA beta K4,tcr_beta,aa,4.0,0.8858725761772852,0.7263157894736842,C:/path/to/private-immuneml-results\TCR Results\advanced_immuneml_models\therapy_response_with_svm\tcr_therapy_response_all_models_summary_with_svm_plotted_values.csv,Combined NR vs R,NonResponder,125.0,64.0,61.0,Exact linear SHAP: coefficient * (standardized feature - cohort background mean),TCR: LR b AA K4 | sel. AUC 0.89,Not estimated; full-cohort refit SHAP
therapy_response,combined_biologic_nonresponder_vs_responder,TCR,TCR:ASST,ASST,0.0042510689581926,0.951444916525955,+ NonResponder,1,2,LR,LR AA beta K4,tcr_beta,aa,4.0,0.8858725761772852,0.7263157894736842,C:/path/to/private-immuneml-results\TCR Results\advanced_immuneml_models\therapy_response_with_svm\tcr_therapy_response_all_models_summary_with_svm_plotted_values.csv,Combined NR vs R,NonResponder,125.0,64.0,61.0,Exact linear SHAP: coefficient * (standardized feature - cohort background mean),TCR: LR b AA K4 | sel. AUC 0.89,Not estimated; full-cohort refit SHAP
therapy_response,combined_biologic_nonresponder_vs_responder,BCR,BCR:TYYF,TYYF,0.0005546163686408,1.0,+ NonResponder,1,1,SVM,SVM AA heavy K4,bcr_heavy,aa,4.0,0.7412742382271468,0.6789473684210525,C:/path/to/private-immuneml-results\BCR Results\tables\bcr_therapy_response_lr_svm_feature_model_summary_aggregate.csv,Combined NR vs R,NonResponder,125.0,64.0,61.0,Exact linear SHAP: coefficient * (standardized feature - cohort background mean),BCR: SVM H AA K4 | sel. AUC 0.74,Not estimated; full-cohort refit SHAP
therapy_response,combined_biologic_nonresponder_vs_responder,BCR,BCR:AKDP,AKDP,0.000543505805506,0.9799671200436643,- NonResponder,-1,2,SVM,SVM AA heavy K4,bcr_heavy,aa,4.0,0.7412742382271468,0.6789473684210525,C:/path/to/private-immuneml-results\BCR Results\tables\bcr_therapy_response_lr_svm_feature_model_summary_aggregate.csv,Combined NR vs R,NonResponder,125.0,64.0,61.0,Exact linear SHAP: coefficient * (standardized feature - cohort background mean),BCR: SVM H AA K4 | sel. AUC 0.74,Not estimated; full-cohort refit SHAP
therapy_response,ustekinumab_nonresponder_vs_responder,TCR,TCR:CASS,CASS,0.012712788290294,1.0,+ NonResponder,1,1,LR,LR AA beta K4,tcr_beta,aa,4.0,0.9866666666666668,0.8033333333333333,C:/path/to/private-immuneml-results\TCR Results\advanced_immuneml_models\therapy_response_with_svm\tcr_therapy_response_all_models_summary_with_svm_plotted_values.csv,Ustekinumab NR vs R,NonResponder,35.0,17.0,18.0,Exact linear SHAP: coefficient * (standardized feature - cohort background mean),TCR: LR b AA K4 | sel. AUC 0.99,Not estimated; full-cohort refit SHAP
therapy_response,ustekinumab_nonresponder_vs_responder,TCR,TCR:EQYF,EQYF,0.0057829521361888,0.45489250698872935,+ NonResponder,1,2,LR,LR AA beta K4,tcr_beta,aa,4.0,0.9866666666666668,0.8033333333333333,C:/path/to/private-immuneml-results\TCR Results\advanced_immuneml_models\therapy_response_with_svm\tcr_therapy_response_all_models_summary_with_svm_plotted_values.csv,Ustekinumab NR vs R,NonResponder,35.0,17.0,18.0,Exact linear SHAP: coefficient * (standardized feature - cohort background mean),TCR: LR b AA K4 | sel. AUC 0.99,Not estimated; full-cohort refit SHAP
therapy_response,ustekinumab_nonresponder_vs_responder,BCR,BCR:CAKD,CAKD,0.0012068353109279,1.0,+ NonResponder,1,1,SVM,SVM AA heavy K4,bcr_heavy,aa,4.0,0.98,0.8266666666666668,C:/path/to/private-immuneml-results\BCR Results\tables\bcr_therapy_response_lr_svm_feature_model_summary_aggregate.csv,Ustekinumab NR vs R,NonResponder,35.0,17.0,18.0,Exact linear SHAP: coefficient * (standardized feature - cohort background mean),BCR: SVM H AA K4 | sel. AUC 0.98,Not estimated; full-cohort refit SHAP
therapy_response,ustekinumab_nonresponder_vs_responder,BCR,BCR:YDSS,YDSS,0.0010087694773049,0.8358799814444334,+ NonResponder,1,2,SVM,SVM AA heavy K4,bcr_heavy,aa,4.0,0.98,0.8266666666666668,C:/path/to/private-immuneml-results\BCR Results\tables\bcr_therapy_response_lr_svm_feature_model_summary_aggregate.csv,Ustekinumab NR vs R,NonResponder,35.0,17.0,18.0,Exact linear SHAP: coefficient * (standardized feature - cohort background mean),BCR: SVM H AA K4 | sel. AUC 0.98,Not estimated; full-cohort refit SHAP
