roc_auc,balanced_accuracy,accuracy,brier,sensitivity,specificity,modality,task,outer_fold,n_test,best_params
0.9702380952380952,0.9791666666666667,0.967741935483871,0.04461978957478261,0.9583333333333334,1.0,pbmc,cd_vs_control,1,31,"{""clf__C"": 10, ""select__k"": ""all""}"
0.9702380952380952,0.9375,0.9032258064516129,0.09320694075352065,0.875,1.0,pbmc,cd_vs_control,2,31,"{""clf__C"": 10, ""select__k"": ""all""}"
0.8869047619047619,0.7648809523809523,0.8709677419354839,0.07990288098546218,0.9583333333333334,0.5714285714285714,pbmc,cd_vs_control,3,31,"{""clf__C"": 10, ""select__k"": ""all""}"
0.8690476190476191,0.8660714285714286,0.8709677419354839,0.11473718293068105,0.875,0.8571428571428571,pbmc,cd_vs_control,4,31,"{""clf__C"": 10, ""select__k"": ""all""}"
0.9523809523809523,0.9375,0.9032258064516129,0.09312442550033262,0.875,1.0,pbmc,cd_vs_control,5,31,"{""clf__C"": 10, ""select__k"": ""all""}"
0.8035714285714286,0.7232142857142857,0.8064516129032258,0.18175857798843806,0.875,0.5714285714285714,pbmc,cd_vs_control,6,31,"{""clf__C"": 10, ""select__k"": ""all""}"
0.9821428571428571,0.9583333333333333,0.9354838709677419,0.04574859770256404,0.9166666666666666,1.0,pbmc,cd_vs_control,7,31,"{""clf__C"": 10, ""select__k"": ""all""}"
0.9404761904761905,0.7946428571428572,0.8387096774193549,0.10946773520636956,0.875,0.7142857142857143,pbmc,cd_vs_control,8,31,"{""clf__C"": 1, ""select__k"": 25}"
0.8928571428571428,0.8869047619047619,0.9032258064516129,0.09672458169158275,0.9166666666666666,0.8571428571428571,pbmc,cd_vs_control,9,31,"{""clf__C"": 1, ""select__k"": ""all""}"
0.9464285714285715,0.8660714285714286,0.8709677419354839,0.09527958965280554,0.875,0.8571428571428571,pbmc,cd_vs_control,10,31,"{""clf__C"": 10, ""select__k"": ""all""}"
0.9107142857142857,0.8452380952380952,0.8387096774193549,0.12300150211087371,0.8333333333333334,0.8571428571428571,pbmc,cd_vs_control,11,31,"{""clf__C"": 10, ""select__k"": 25}"
0.886904761904762,0.8869047619047619,0.9032258064516129,0.09502069025733602,0.9166666666666666,0.8571428571428571,pbmc,cd_vs_control,12,31,"{""clf__C"": 10, ""select__k"": ""all""}"
0.8809523809523809,0.8244047619047619,0.8064516129032258,0.14386483931588448,0.7916666666666666,0.8571428571428571,pbmc,cd_vs_control,13,31,"{""clf__C"": 1, ""select__k"": 25}"
0.9583333333333333,0.8869047619047619,0.9032258064516129,0.07072082560548545,0.9166666666666666,0.8571428571428571,pbmc,cd_vs_control,14,31,"{""clf__C"": 10, ""select__k"": 25}"
0.8690476190476191,0.8244047619047619,0.8064516129032258,0.14197043236960805,0.7916666666666666,0.8571428571428571,pbmc,cd_vs_control,15,31,"{""clf__C"": 10, ""select__k"": ""all""}"
0.865079365079365,0.7301587301587301,0.8,0.1324065850806903,0.8888888888888888,0.5714285714285714,pbmc,uc_vs_control,1,25,"{""clf__C"": 10, ""select__k"": ""all""}"
0.976190476190476,0.9007936507936507,0.92,0.07780240215511103,0.9444444444444444,0.8571428571428571,pbmc,uc_vs_control,2,25,"{""clf__C"": 10, ""select__k"": 25}"
1.0,1.0,1.0,0.019588809989167073,1.0,1.0,pbmc,uc_vs_control,3,24,"{""clf__C"": 10, ""select__k"": 25}"
0.8235294117647058,0.76890756302521,0.7916666666666666,0.161187783329372,0.8235294117647058,0.7142857142857143,pbmc,uc_vs_control,4,24,"{""clf__C"": 10, ""select__k"": ""all""}"
0.9831932773109244,0.9705882352941176,0.9583333333333334,0.040007255375586775,0.9411764705882353,1.0,pbmc,uc_vs_control,5,24,"{""clf__C"": 10, ""select__k"": ""all""}"
0.8015873015873016,0.8015873015873016,0.84,0.11990171102238521,0.8888888888888888,0.7142857142857143,pbmc,uc_vs_control,6,25,"{""clf__C"": 10, ""select__k"": ""all""}"
0.9682539682539684,0.9285714285714286,0.96,0.0499104479775238,1.0,0.8571428571428571,pbmc,uc_vs_control,7,25,"{""clf__C"": 1, ""select__k"": 25}"
0.9495798319327731,0.8403361344537814,0.8333333333333334,0.09212461647634697,0.8235294117647058,0.8571428571428571,pbmc,uc_vs_control,8,24,"{""clf__C"": 1, ""select__k"": 25}"
0.9915966386554622,0.8991596638655461,0.9166666666666666,0.05412260058976759,0.9411764705882353,0.8571428571428571,pbmc,uc_vs_control,9,24,"{""clf__C"": 10, ""select__k"": 25}"
0.8571428571428572,0.9285714285714286,0.9583333333333334,0.05691890099917014,1.0,0.8571428571428571,pbmc,uc_vs_control,10,24,"{""clf__C"": 1, ""select__k"": ""all""}"
0.9206349206349206,0.8015873015873016,0.84,0.10725929895733963,0.8888888888888888,0.7142857142857143,pbmc,uc_vs_control,11,25,"{""clf__C"": 1, ""select__k"": 25}"
0.8333333333333333,0.873015873015873,0.88,0.1122661136261771,0.8888888888888888,0.8571428571428571,pbmc,uc_vs_control,12,25,"{""clf__C"": 1, ""select__k"": ""all""}"
1.0,0.9705882352941176,0.9583333333333334,0.03233204830478417,0.9411764705882353,1.0,pbmc,uc_vs_control,13,24,"{""clf__C"": 1, ""select__k"": 25}"
0.9831932773109244,0.8991596638655461,0.9166666666666666,0.06460179957677532,0.9411764705882353,0.8571428571428571,pbmc,uc_vs_control,14,24,"{""clf__C"": 10, ""select__k"": 25}"
0.9831932773109244,0.8277310924369747,0.875,0.07327534536324735,0.9411764705882353,0.7142857142857143,pbmc,uc_vs_control,15,24,"{""clf__C"": 10, ""select__k"": 25}"
0.8356481481481481,0.6736111111111112,0.6904761904761905,0.1681313178606889,0.7916666666666666,0.5555555555555556,pbmc,cd_vs_uc,1,42,"{""clf__C"": 0.1, ""select__k"": ""all""}"
0.8148148148148148,0.6875,0.6666666666666666,0.20642332365716606,0.5416666666666666,0.8333333333333334,pbmc,cd_vs_uc,2,42,"{""clf__C"": 1, ""select__k"": ""all""}"
0.8308823529411765,0.7745098039215685,0.7560975609756098,0.17967888679439656,0.6666666666666666,0.8823529411764706,pbmc,cd_vs_uc,3,41,"{""clf__C"": 1, ""select__k"": ""all""}"
0.8504901960784313,0.6899509803921569,0.7073170731707317,0.16256943774851987,0.7916666666666666,0.5882352941176471,pbmc,cd_vs_uc,4,41,"{""clf__C"": 0.1, ""select__k"": ""all""}"
0.8235294117647058,0.6776960784313726,0.6829268292682927,0.1705927251356245,0.7083333333333334,0.6470588235294118,pbmc,cd_vs_uc,5,41,"{""clf__C"": 1, ""select__k"": ""all""}"
0.7939814814814814,0.7152777777777778,0.7142857142857143,0.18252337718150544,0.7083333333333334,0.7222222222222222,pbmc,cd_vs_uc,6,42,"{""clf__C"": 0.1, ""select__k"": ""all""}"
0.75,0.6666666666666666,0.6666666666666666,0.1932999324724699,0.6666666666666666,0.6666666666666666,pbmc,cd_vs_uc,7,42,"{""clf__C"": 0.1, ""select__k"": ""all""}"
0.8725490196078431,0.7365196078431373,0.7317073170731707,0.14828348739368633,0.7083333333333334,0.7647058823529411,pbmc,cd_vs_uc,8,41,"{""clf__C"": 1, ""select__k"": ""all""}"
0.8284313725490197,0.6862745098039216,0.6829268292682927,0.1810880824574153,0.6666666666666666,0.7058823529411765,pbmc,cd_vs_uc,9,41,"{""clf__C"": 1, ""select__k"": ""all""}"
0.8725490196078431,0.7781862745098038,0.7804878048780488,0.1519839107729621,0.7916666666666666,0.7647058823529411,pbmc,cd_vs_uc,10,41,"{""clf__C"": 0.1, ""select__k"": ""all""}"
0.8333333333333334,0.7361111111111112,0.7380952380952381,0.16259620902764021,0.75,0.7222222222222222,pbmc,cd_vs_uc,11,42,"{""clf__C"": 0.1, ""select__k"": ""all""}"
0.7407407407407408,0.6388888888888888,0.6428571428571429,0.22665326126638485,0.6666666666666666,0.6111111111111112,pbmc,cd_vs_uc,12,42,"{""clf__C"": 1, ""select__k"": ""all""}"
0.8848039215686274,0.7990196078431373,0.8048780487804879,0.14154083869307274,0.8333333333333334,0.7647058823529411,pbmc,cd_vs_uc,13,41,"{""clf__C"": 1, ""select__k"": ""all""}"
0.8161764705882353,0.7450980392156863,0.7317073170731707,0.18126874064929688,0.6666666666666666,0.8235294117647058,pbmc,cd_vs_uc,14,41,"{""clf__C"": 1, ""select__k"": ""all""}"
0.872549019607843,0.8075980392156863,0.8048780487804879,0.15136413581923133,0.7916666666666666,0.8235294117647058,pbmc,cd_vs_uc,15,41,"{""clf__C"": 0.1, ""select__k"": ""all""}"
1.0,0.5,0.8260869565217391,0.14633393050066812,1.0,0.0,tcr,cd_vs_control,1,23,"{""clf__C"": 1, ""select__percentile"": 25}"
0.8111111111111111,0.5,0.782608695652174,0.20479719454316,1.0,0.0,tcr,cd_vs_control,2,23,"{""clf__C"": 1, ""select__percentile"": 100}"
0.9888888888888889,0.5,0.782608695652174,0.21200054638746166,1.0,0.0,tcr,cd_vs_control,3,23,"{""clf__C"": 0.1, ""select__percentile"": 100}"
1.0,0.5,0.782608695652174,0.18979148290739564,1.0,0.0,tcr,cd_vs_control,4,23,"{""clf__C"": 0.1, ""select__percentile"": 100}"
0.9888888888888889,0.5,0.782608695652174,0.19524127936889704,1.0,0.0,tcr,cd_vs_control,5,23,"{""clf__C"": 10, ""select__percentile"": 100}"
1.0,0.5,0.8260869565217391,0.16386986348235905,1.0,0.0,tcr,cd_vs_control,6,23,"{""clf__C"": 0.1, ""select__percentile"": 100}"
0.9555555555555555,0.5,0.782608695652174,0.2009969889080039,1.0,0.0,tcr,cd_vs_control,7,23,"{""clf__C"": 1, ""select__percentile"": 25}"
0.8666666666666667,0.6,0.8260869565217391,0.16789282054678142,1.0,0.2,tcr,cd_vs_control,8,23,"{""clf__C"": 10, ""select__percentile"": 25}"
0.9777777777777777,0.6,0.8260869565217391,0.11989212914779514,1.0,0.2,tcr,cd_vs_control,9,23,"{""clf__C"": 0.1, ""select__percentile"": 25}"
1.0,0.5,0.782608695652174,0.13675357438692948,1.0,0.0,tcr,cd_vs_control,10,23,"{""clf__C"": 0.1, ""select__percentile"": 25}"
0.7763157894736842,0.5,0.8260869565217391,0.1663745116655728,1.0,0.0,tcr,cd_vs_control,11,23,"{""clf__C"": 0.1, ""select__percentile"": 100}"
1.0,0.5,0.782608695652174,0.21056859407405784,1.0,0.0,tcr,cd_vs_control,12,23,"{""clf__C"": 0.1, ""select__percentile"": 100}"
0.9777777777777779,0.7,0.8695652173913043,0.11322696726360372,1.0,0.4,tcr,cd_vs_control,13,23,"{""clf__C"": 0.1, ""select__percentile"": 25}"
0.9888888888888889,0.6,0.8260869565217391,0.13881905519427978,1.0,0.2,tcr,cd_vs_control,14,23,"{""clf__C"": 0.1, ""select__percentile"": 25}"
0.9777777777777777,0.5,0.782608695652174,0.16196319874238926,1.0,0.0,tcr,cd_vs_control,15,23,"{""clf__C"": 0.1, ""select__percentile"": 25}"
1.0,0.7,0.8421052631578947,0.10115983085718257,1.0,0.4,tcr,uc_vs_control,1,19,"{""clf__C"": 0.1, ""select__percentile"": 25}"
1.0,0.625,0.8333333333333334,0.060104575894318085,1.0,0.25,tcr,uc_vs_control,2,18,"{""clf__C"": 0.1, ""select__percentile"": 25}"
1.0,0.6,0.7777777777777778,0.07758009066682642,1.0,0.2,tcr,uc_vs_control,3,18,"{""clf__C"": 0.1, ""select__percentile"": 25}"
1.0,0.6,0.7777777777777778,0.11247590472048079,1.0,0.2,tcr,uc_vs_control,4,18,"{""clf__C"": 0.1, ""select__percentile"": 25}"
1.0,0.5,0.7222222222222222,0.11641668056278068,1.0,0.0,tcr,uc_vs_control,5,18,"{""clf__C"": 0.1, ""select__percentile"": 25}"
1.0,0.7,0.8421052631578947,0.06929916922756317,1.0,0.4,tcr,uc_vs_control,6,19,"{""clf__C"": 0.1, ""select__percentile"": 25}"
1.0,0.625,0.8333333333333334,0.05813859501054695,1.0,0.25,tcr,uc_vs_control,7,18,"{""clf__C"": 0.1, ""select__percentile"": 25}"
1.0,0.5,0.7222222222222222,0.10817913730879379,1.0,0.0,tcr,uc_vs_control,8,18,"{""clf__C"": 0.1, ""select__percentile"": 25}"
0.9846153846153847,0.5,0.7222222222222222,0.1391271508711254,1.0,0.0,tcr,uc_vs_control,9,18,"{""clf__C"": 0.1, ""select__percentile"": 25}"
1.0,0.8,0.8888888888888888,0.06805245709681254,1.0,0.6,tcr,uc_vs_control,10,18,"{""clf__C"": 0.1, ""select__percentile"": 25}"
1.0,0.9,0.9473684210526315,0.037994913335249555,1.0,0.8,tcr,uc_vs_control,11,19,"{""clf__C"": 0.1, ""select__percentile"": 25}"
1.0,0.5,0.7777777777777778,0.10534621087716839,1.0,0.0,tcr,uc_vs_control,12,18,"{""clf__C"": 0.1, ""select__percentile"": 25}"
1.0,0.5,0.7222222222222222,0.12603523121923388,1.0,0.0,tcr,uc_vs_control,13,18,"{""clf__C"": 0.1, ""select__percentile"": 25}"
1.0,0.6,0.7777777777777778,0.12038589841335584,1.0,0.2,tcr,uc_vs_control,14,18,"{""clf__C"": 0.1, ""select__percentile"": 25}"
1.0,0.7,0.8333333333333334,0.06986909260106494,1.0,0.4,tcr,uc_vs_control,15,18,"{""clf__C"": 0.1, ""select__percentile"": 25}"
0.7420634920634921,0.7103174603174603,0.71875,0.21488451031878122,0.7777777777777778,0.6428571428571429,tcr,cd_vs_uc,1,32,"{""clf__C"": 10, ""select__percentile"": 25}"
0.746031746031746,0.6388888888888888,0.65625,0.24444518444656174,0.7777777777777778,0.5,tcr,cd_vs_uc,2,32,"{""clf__C"": 10, ""select__percentile"": 25}"
0.9473684210526316,0.7692307692307692,0.8125,0.13562033047843536,1.0,0.5384615384615384,tcr,cd_vs_uc,3,32,"{""clf__C"": 0.1, ""select__percentile"": 25}"
0.9017094017094017,0.8012820512820513,0.8064516129032258,0.13013873395326184,0.8333333333333334,0.7692307692307693,tcr,cd_vs_uc,4,31,"{""clf__C"": 0.1, ""select__percentile"": 25}"
0.9572649572649572,0.8076923076923077,0.8387096774193549,0.11016012865416501,1.0,0.6153846153846154,tcr,cd_vs_uc,5,31,"{""clf__C"": 0.1, ""select__percentile"": 25}"
0.9603174603174602,0.8650793650793651,0.875,0.09461713581728626,0.9444444444444444,0.7857142857142857,tcr,cd_vs_uc,6,32,"{""clf__C"": 0.1, ""select__percentile"": 25}"
0.7063492063492064,0.5396825396825397,0.5625,0.25202300085574114,0.7222222222222222,0.35714285714285715,tcr,cd_vs_uc,7,32,"{""clf__C"": 1, ""select__percentile"": 25}"
0.7125506072874493,0.6376518218623481,0.65625,0.223062644639561,0.7368421052631579,0.5384615384615384,tcr,cd_vs_uc,8,32,"{""clf__C"": 0.1, ""select__percentile"": 25}"
0.905982905982906,0.829059829059829,0.8387096774193549,0.13188666547380493,0.8888888888888888,0.7692307692307693,tcr,cd_vs_uc,9,31,"{""clf__C"": 0.1, ""select__percentile"": 25}"
0.9273504273504274,0.8461538461538461,0.8709677419354839,0.11988645694194276,1.0,0.6923076923076923,tcr,cd_vs_uc,10,31,"{""clf__C"": 0.1, ""select__percentile"": 25}"
0.8373015873015872,0.7380952380952381,0.75,0.16911665106512658,0.8333333333333334,0.6428571428571429,tcr,cd_vs_uc,11,32,"{""clf__C"": 0.1, ""select__percentile"": 25}"
0.7976190476190477,0.8095238095238095,0.8125,0.186120690862371,0.8333333333333334,0.7857142857142857,tcr,cd_vs_uc,12,32,"{""clf__C"": 1, ""select__percentile"": 25}"
0.854251012145749,0.7672064777327935,0.78125,0.16034998960055247,0.8421052631578947,0.6923076923076923,tcr,cd_vs_uc,13,32,"{""clf__C"": 0.1, ""select__percentile"": 25}"
0.9743589743589743,0.8952991452991452,0.9032258064516129,0.0775007879068098,0.9444444444444444,0.8461538461538461,tcr,cd_vs_uc,14,31,"{""clf__C"": 10, ""select__percentile"": 25}"
0.8888888888888888,0.7905982905982906,0.8064516129032258,0.14748146870292583,0.8888888888888888,0.6923076923076923,tcr,cd_vs_uc,15,31,"{""clf__C"": 10, ""select__percentile"": 25}"
0.9605263157894737,0.625,0.8695652173913043,0.12623789983622985,1.0,0.25,bcr,cd_vs_control,1,23,"{""clf__C"": 1, ""select__percentile"": 100}"
0.6777777777777777,0.5444444444444444,0.7391304347826086,0.21992953156840422,0.8888888888888888,0.2,bcr,cd_vs_control,2,23,"{""clf__C"": 10, ""select__percentile"": 25}"
0.8888888888888888,0.7,0.8695652173913043,0.12565383781869763,1.0,0.4,bcr,cd_vs_control,3,23,"{""clf__C"": 10, ""select__percentile"": 100}"
0.8777777777777778,0.6,0.8260869565217391,0.1745258327782261,1.0,0.2,bcr,cd_vs_control,4,23,"{""clf__C"": 0.1, ""select__percentile"": 100}"
0.7,0.5,0.782608695652174,0.21490984927998003,1.0,0.0,bcr,cd_vs_control,5,23,"{""clf__C"": 10, ""select__percentile"": 100}"
0.9078947368421053,0.625,0.8695652173913043,0.12674424385658437,1.0,0.25,bcr,cd_vs_control,6,23,"{""clf__C"": 0.1, ""select__percentile"": 100}"
0.8777777777777778,0.6,0.8260869565217391,0.1402153823203583,1.0,0.2,bcr,cd_vs_control,7,23,"{""clf__C"": 0.1, ""select__percentile"": 25}"
0.8,0.6,0.8260869565217391,0.1572866029475831,1.0,0.2,bcr,cd_vs_control,8,23,"{""clf__C"": 0.1, ""select__percentile"": 100}"
0.7555555555555555,0.4722222222222222,0.7391304347826086,0.20675655200433268,0.9444444444444444,0.0,bcr,cd_vs_control,9,23,"{""clf__C"": 0.1, ""select__percentile"": 25}"
0.7777777777777778,0.7,0.8695652173913043,0.13808445851406226,1.0,0.4,bcr,cd_vs_control,10,23,"{""clf__C"": 1, ""select__percentile"": 100}"
0.8552631578947368,0.5,0.8260869565217391,0.16668174460218846,1.0,0.0,bcr,cd_vs_control,11,23,"{""clf__C"": 0.1, ""select__percentile"": 100}"
0.8444444444444443,0.5,0.782608695652174,0.20994636981555861,1.0,0.0,bcr,cd_vs_control,12,23,"{""clf__C"": 0.1, ""select__percentile"": 100}"
0.8,0.6,0.8260869565217391,0.17467443643792818,1.0,0.2,bcr,cd_vs_control,13,23,"{""clf__C"": 0.1, ""select__percentile"": 100}"
0.8777777777777778,0.8,0.9130434782608695,0.09637417639024638,1.0,0.6,bcr,cd_vs_control,14,23,"{""clf__C"": 10, ""select__percentile"": 100}"
0.7777777777777777,0.7,0.8695652173913043,0.13046675161855784,1.0,0.4,bcr,cd_vs_control,15,23,"{""clf__C"": 10, ""select__percentile"": 100}"
0.8,0.5,0.7368421052631579,0.263157787896228,1.0,0.0,bcr,uc_vs_control,1,19,"{""clf__C"": 10, ""select__percentile"": 100}"
0.7857142857142857,0.5,0.7777777777777778,0.22222218595651494,1.0,0.0,bcr,uc_vs_control,2,18,"{""clf__C"": 1, ""select__percentile"": 100}"
1.0,0.7,0.8333333333333334,0.17381545037086057,1.0,0.4,bcr,uc_vs_control,3,18,"{""clf__C"": 10, ""select__percentile"": 100}"
0.8153846153846154,0.5,0.7222222222222222,0.2774852192964283,1.0,0.0,bcr,uc_vs_control,4,18,"{""clf__C"": 0.1, ""select__percentile"": 100}"
0.923076923076923,0.823076923076923,0.8333333333333334,0.13143106776719188,0.8461538461538461,0.8,bcr,uc_vs_control,5,18,"{""clf__C"": 0.1, ""select__percentile"": 25}"
0.7428571428571429,0.6,0.7894736842105263,0.21454611741392585,1.0,0.2,bcr,uc_vs_control,6,19,"{""clf__C"": 0.1, ""select__percentile"": 100}"
0.8214285714285714,0.5,0.7777777777777778,0.22166734961072018,1.0,0.0,bcr,uc_vs_control,7,18,"{""clf__C"": 0.1, ""select__percentile"": 100}"
0.9384615384615385,0.6,0.7777777777777778,0.22607133314928365,1.0,0.2,bcr,uc_vs_control,8,18,"{""clf__C"": 10, ""select__percentile"": 100}"
0.7076923076923077,0.5,0.7222222222222222,0.27767643302758904,1.0,0.0,bcr,uc_vs_control,9,18,"{""clf__C"": 10, ""select__percentile"": 100}"
0.6538461538461539,0.5615384615384615,0.7222222222222222,0.276204729714314,0.9230769230769231,0.2,bcr,uc_vs_control,10,18,"{""clf__C"": 10, ""select__percentile"": 100}"
0.5,0.5,0.7368421052631579,0.2631578947350762,1.0,0.0,bcr,uc_vs_control,11,19,"{""clf__C"": 10, ""select__percentile"": 100}"
0.9821428571428572,0.625,0.8333333333333334,0.17073435829707098,1.0,0.25,bcr,uc_vs_control,12,18,"{""clf__C"": 0.1, ""select__percentile"": 100}"
0.9384615384615385,0.5,0.7222222222222222,0.2776399582907827,1.0,0.0,bcr,uc_vs_control,13,18,"{""clf__C"": 10, ""select__percentile"": 100}"
0.9230769230769231,0.5,0.7222222222222222,0.2777772632404915,1.0,0.0,bcr,uc_vs_control,14,18,"{""clf__C"": 10, ""select__percentile"": 100}"
0.8769230769230769,0.7,0.8333333333333334,0.16768910739596993,1.0,0.4,bcr,uc_vs_control,15,18,"{""clf__C"": 0.1, ""select__percentile"": 100}"
0.7103174603174603,0.6666666666666667,0.6875,0.23255408448177506,0.8333333333333334,0.5,bcr,cd_vs_uc,1,32,"{""clf__C"": 1, ""select__percentile"": 25}"
0.8373015873015873,0.6944444444444444,0.71875,0.20774561873235378,0.8888888888888888,0.5,bcr,cd_vs_uc,2,32,"{""clf__C"": 0.1, ""select__percentile"": 25}"
0.785425101214575,0.6376518218623481,0.65625,0.21058134521747138,0.7368421052631579,0.5384615384615384,bcr,cd_vs_uc,3,32,"{""clf__C"": 0.1, ""select__percentile"": 25}"
0.7435897435897436,0.6282051282051282,0.5806451612903226,0.4212847044848456,0.3333333333333333,0.9230769230769231,bcr,cd_vs_uc,4,31,"{""clf__C"": 10, ""select__percentile"": 100}"
0.7222222222222222,0.7243589743589745,0.7419354838709677,0.2312910820529825,0.8333333333333334,0.6153846153846154,bcr,cd_vs_uc,5,31,"{""clf__C"": 0.1, ""select__percentile"": 25}"
0.761904761904762,0.6150793650793651,0.65625,0.28702245333066845,0.9444444444444444,0.2857142857142857,bcr,cd_vs_uc,6,32,"{""clf__C"": 10, ""select__percentile"": 25}"
0.6626984126984127,0.5674603174603174,0.59375,0.29293033716828615,0.7777777777777778,0.35714285714285715,bcr,cd_vs_uc,7,32,"{""clf__C"": 1, ""select__percentile"": 25}"
0.8218623481781376,0.7024291497975709,0.71875,0.1857131681375159,0.7894736842105263,0.6153846153846154,bcr,cd_vs_uc,8,32,"{""clf__C"": 0.1, ""select__percentile"": 25}"
0.7393162393162394,0.7243589743589745,0.7419354838709677,0.21250067026747027,0.8333333333333334,0.6153846153846154,bcr,cd_vs_uc,9,31,"{""clf__C"": 0.1, ""select__percentile"": 25}"
0.655982905982906,0.5341880341880342,0.4838709677419355,0.4853558326377997,0.2222222222222222,0.8461538461538461,bcr,cd_vs_uc,10,31,"{""clf__C"": 1, ""select__percentile"": 100}"
0.5555555555555556,0.5238095238095238,0.5625,0.326528294067487,0.8333333333333334,0.21428571428571427,bcr,cd_vs_uc,11,32,"{""clf__C"": 0.1, ""select__percentile"": 25}"
0.5396825396825397,0.5119047619047619,0.46875,0.5205167955972209,0.16666666666666666,0.8571428571428571,bcr,cd_vs_uc,12,32,"{""clf__C"": 0.1, ""select__percentile"": 100}"
0.680161943319838,0.5991902834008097,0.625,0.26197437584146754,0.7368421052631579,0.46153846153846156,bcr,cd_vs_uc,13,32,"{""clf__C"": 0.1, ""select__percentile"": 25}"
0.9145299145299145,0.8846153846153846,0.9032258064516129,0.11821206475610142,1.0,0.7692307692307693,bcr,cd_vs_uc,14,31,"{""clf__C"": 10, ""select__percentile"": 25}"
0.7948717948717948,0.7136752136752136,0.7419354838709677,0.21795772188789986,0.8888888888888888,0.5384615384615384,bcr,cd_vs_uc,15,31,"{""clf__C"": 1, ""select__percentile"": 25}"
