outcome,module,model,estimate_per_program_SD,SE,ci_low,ci_high,p_value,n_lineages,n_participants,outcome_scale,FDR
SHM/germline distance,IgA_mucosal_plasma_cell,participant_fixed_effect,0.055116746764286746,0.006293868100292731,0.04278076528771299,0.0674527282408605,2.0013633582481404e-18,25413,182,outcome SD,2.0013633582481402e-17
SHM/germline distance,IgA_mucosal_plasma_cell,plus_pseudotime,0.05808215810181654,0.0062481813112311,0.045835722731803585,0.0703285934718295,1.4603422046807928e-20,25413,182,outcome SD,9.735614697871952e-20
SHM/germline distance,IgA_mucosal_plasma_cell,IBD_vs_control_interaction,-0.042067711136398483,0.01668995739946384,-0.0747800276393476,-0.009355394633449358,0.011717480171434235,25413,182,outcome SD,0.11717480171434236
SHM/germline distance,IgA_mucosal_plasma_cell,Control_stratified,0.09500442124469387,0.014952594551794547,0.06569733592317656,0.12431150656621118,2.1018550082593037e-10,3705,24,outcome SD,2.1018550082593038e-09
SHM/germline distance,IgA_mucosal_plasma_cell,IBD_stratified,0.05168351503222759,0.006763856529581128,0.03842635623424858,0.0649406738302066,2.153215410214518e-14,21708,158,outcome SD,1.435476940143012e-13
SHM/germline distance,plasmablast_plasma_cell_differentiation,participant_fixed_effect,0.04590249544171952,0.0062069039171703455,0.03373696376406564,0.058068027119373394,1.40990368951332e-13,25413,182,outcome SD,7.0495184475666e-13
SHM/germline distance,plasmablast_plasma_cell_differentiation,plus_pseudotime,0.050753181569492,0.006058006098216889,0.038879489616986895,0.0626268735219971,5.3894576137933435e-17,25413,182,outcome SD,2.6947288068966716e-16
SHM/germline distance,plasmablast_plasma_cell_differentiation,IBD_vs_control_interaction,-0.026897451276161912,0.016756587201230744,-0.05974036219057417,0.005945459638250345,0.10845271875154332,25413,182,outcome SD,0.3615090625051444
SHM/germline distance,plasmablast_plasma_cell_differentiation,Control_stratified,0.075080486733405,0.014945533191557305,0.045787241677952686,0.10437373178885732,5.070992367642353e-07,3705,24,outcome SD,2.5354961838211768e-06
SHM/germline distance,plasmablast_plasma_cell_differentiation,IBD_stratified,0.04687619273079027,0.006696746099112527,0.03375057037652972,0.06000181508505083,2.5624364502529344e-12,21708,158,outcome SD,1.2812182251264672e-11
SHM/germline distance,antibody_secretion_UPR,participant_fixed_effect,-0.003094347639290484,0.005846169532447284,-0.01455283992288716,0.008364144644306192,0.5966009022727361,25413,182,outcome SD,0.7018834144385131
SHM/germline distance,antibody_secretion_UPR,plus_pseudotime,0.0022738658079079826,0.005693190871327252,-0.00888478829989343,0.013432519915709398,0.6895977985567968,25413,182,outcome SD,0.7275148540779802
SHM/germline distance,antibody_secretion_UPR,IBD_vs_control_interaction,-0.014493606010586189,0.01399009621742762,-0.04191419459674432,0.012926982575571946,0.30020660004748634,25413,182,outcome SD,0.5003443334124772
SHM/germline distance,antibody_secretion_UPR,Control_stratified,0.015571111202566927,0.011532971624507619,-0.0070335131814680055,0.03817573558660186,0.17697149986624394,3705,24,outcome SD,0.2528164283803485
SHM/germline distance,antibody_secretion_UPR,IBD_stratified,0.0017112216713815174,0.0064923921882487695,-0.011013867017586072,0.014436310360349106,0.7921086827652414,21708,158,outcome SD,0.7921086827652414
SHM/germline distance,IgG_inflammatory_plasma_cell,participant_fixed_effect,-0.004006639111305199,0.006709754827917643,-0.017157758574023782,0.009144480351413383,0.5504162905669835,25413,182,outcome SD,0.7018834144385131
SHM/germline distance,IgG_inflammatory_plasma_cell,plus_pseudotime,-0.0003987105063643561,0.006611971029079189,-0.013358173723359568,0.012560752710630854,0.9519156596258038,25413,182,outcome SD,0.9519156596258039
SHM/germline distance,IgG_inflammatory_plasma_cell,IBD_vs_control_interaction,-0.03540932113365783,0.02152309037148647,-0.07759457826177131,0.0067759359944556535,0.09993304805966469,25413,182,outcome SD,0.3615090625051444
SHM/germline distance,IgG_inflammatory_plasma_cell,Control_stratified,0.030574731095176173,0.020315004047452217,-0.009242676837830172,0.07039213902818252,0.13231585081479377,3705,24,outcome SD,0.2528164283803485
SHM/germline distance,IgG_inflammatory_plasma_cell,IBD_stratified,-0.00531323104689861,0.006823448342079329,-0.018687189797374094,0.008060727703576874,0.43617270543627773,21708,158,outcome SD,0.6710349314404274
SHM/germline distance,cell_cycle_proliferating_B_cell,participant_fixed_effect,0.001590153004747632,0.00567940528825724,-0.009541481360236559,0.012721787369731822,0.7794883761490332,25413,182,outcome SD,0.7794883761490332
SHM/germline distance,cell_cycle_proliferating_B_cell,plus_pseudotime,0.0036819740634522575,0.005623211762263571,-0.0073395209905843415,0.014703469117488856,0.5126085543015404,25413,182,outcome SD,0.6834780724020538
SHM/germline distance,cell_cycle_proliferating_B_cell,IBD_vs_control_interaction,-0.01576353064844679,0.014173685000152422,-0.043543953248745534,0.012016891951851957,0.26606556747811017,25413,182,outcome SD,0.5003443334124772
SHM/germline distance,cell_cycle_proliferating_B_cell,Control_stratified,0.0178929629682074,0.01279662144469606,-0.007188415063396878,0.04297434099981168,0.16203596515614394,3705,24,outcome SD,0.2528164283803485
SHM/germline distance,cell_cycle_proliferating_B_cell,IBD_stratified,0.0024325915735511298,0.006387242451951406,-0.010086403632273627,0.014951586779375886,0.7033133605301596,21708,158,outcome SD,0.7710838864818335
Diversified-lineage branch length,IgA_mucosal_plasma_cell,participant_fixed_effect,0.013875096571912299,0.0413260668003234,-0.06712399435672156,0.09487418750054616,0.7370617765452843,725,105,outcome SD,0.7794883761490332
Diversified-lineage branch length,IgA_mucosal_plasma_cell,plus_pseudotime,0.019049496068333664,0.04257850764941067,-0.06440437892451126,0.10250337106117857,0.6545884502964618,725,105,outcome SD,0.7275148540779802
Diversified-lineage branch length,IgA_mucosal_plasma_cell,IBD_stratified,0.015812055236298785,0.04385570619576689,-0.07014512890740432,0.10176923938000187,0.7184379121895179,689,93,outcome SD,0.7710838864818335
Diversified-lineage branch length,plasmablast_plasma_cell_differentiation,participant_fixed_effect,-0.029183459216038064,0.05103567691953668,-0.12921338597832996,0.07084646754625382,0.5674407608431389,725,105,outcome SD,0.7018834144385131
Diversified-lineage branch length,plasmablast_plasma_cell_differentiation,plus_pseudotime,-0.02145259851560218,0.05399465378172144,-0.12728211992777622,0.08437692289657185,0.6911391113740812,725,105,outcome SD,0.7275148540779802
Diversified-lineage branch length,plasmablast_plasma_cell_differentiation,IBD_stratified,-0.021553216061703587,0.05483398907480139,-0.1290278346483143,0.08592140252490713,0.6942728995854228,689,93,outcome SD,0.7710838864818335
Diversified-lineage branch length,antibody_secretion_UPR,participant_fixed_effect,-0.06781273384296777,0.043264256140573575,-0.15261067587849197,0.016985208192556445,0.11701939488078539,725,105,outcome SD,0.29254848720196347
Diversified-lineage branch length,antibody_secretion_UPR,plus_pseudotime,-0.06039056073903506,0.04574211167615341,-0.15004509962429574,0.029263978146225632,0.1867549357794298,725,105,outcome SD,0.3735098715588596
Diversified-lineage branch length,antibody_secretion_UPR,IBD_stratified,-0.0450024330396966,0.043930399610550175,-0.13110601627637494,0.04110115019698174,0.3056449667779334,689,93,outcome SD,0.5557181214144243
Diversified-lineage branch length,IgG_inflammatory_plasma_cell,participant_fixed_effect,0.01253855455571784,0.041151153951902913,-0.06811770719001187,0.09319481630144755,0.7605983895474104,725,105,outcome SD,0.7794883761490332
Diversified-lineage branch length,IgG_inflammatory_plasma_cell,plus_pseudotime,0.018801140440254698,0.04264478160056,-0.0647826314968429,0.1023849123773523,0.6593014161365417,725,105,outcome SD,0.7275148540779802
Diversified-lineage branch length,IgG_inflammatory_plasma_cell,IBD_stratified,0.015108539055114317,0.044207724796557296,-0.07153860154613798,0.10175567965636662,0.7325296921577418,689,93,outcome SD,0.7710838864818335
Diversified-lineage branch length,cell_cycle_proliferating_B_cell,participant_fixed_effect,-0.02713647215016426,0.033144006824679086,-0.09209872552653527,0.03782578122620674,0.41293222155257636,725,105,outcome SD,0.5899031736465377
Diversified-lineage branch length,cell_cycle_proliferating_B_cell,plus_pseudotime,-0.02448277622026333,0.03298689366313656,-0.08913708780001099,0.040171535359484326,0.45796793629750654,725,105,outcome SD,0.6834780724020538
Diversified-lineage branch length,cell_cycle_proliferating_B_cell,IBD_stratified,-0.020560456374274644,0.03227272063272102,-0.08381498881440784,0.04269407606585855,0.5240696773544701,689,93,outcome SD,0.748670967649243
Class-switched lineage,IgA_mucosal_plasma_cell,participant_fixed_effect,0.022179293224515693,0.002531410798377844,0.01721772805969512,0.02714085838933627,1.9244136930295275e-18,25413,182,probability,2.0013633582481402e-17
Class-switched lineage,IgA_mucosal_plasma_cell,plus_pseudotime,0.024272394420140987,0.0024840054077383666,0.01940374382097379,0.029141045019308184,1.492643138819625e-22,25413,182,probability,1.4926431388196251e-21
Class-switched lineage,IgA_mucosal_plasma_cell,IBD_vs_control_interaction,-0.00607612005142462,0.008324844264471451,-0.022392814809788664,0.010240574706939426,0.4654648073195463,25413,182,probability,0.5818310091494329
Class-switched lineage,IgA_mucosal_plasma_cell,Control_stratified,0.02984284278232649,0.007940382836025349,0.014279692423716807,0.04540599314093617,0.00017102849118392867,3705,24,probability,0.0005700949706130956
Class-switched lineage,IgA_mucosal_plasma_cell,IBD_stratified,0.023158062691605613,0.002646567583391131,0.017970790228158996,0.02834533515505223,2.129271637113533e-18,21708,158,probability,2.1292716371135328e-17
Class-switched lineage,plasmablast_plasma_cell_differentiation,participant_fixed_effect,0.02027950811624561,0.002493259812858407,0.015392718883043131,0.025166297349448086,4.1627091383448063e-16,25413,182,probability,2.775139425563204e-15
Class-switched lineage,plasmablast_plasma_cell_differentiation,plus_pseudotime,0.02369194370218341,0.0024216320918097364,0.018945544802236324,0.028438342602130493,1.325967895952542e-22,25413,182,probability,1.4926431388196251e-21
Class-switched lineage,plasmablast_plasma_cell_differentiation,IBD_vs_control_interaction,0.0005907277520497646,0.007214718888025533,-0.013550121268480278,0.014731576772579809,0.934743619040754,25413,182,probability,0.9347436190407541
Class-switched lineage,plasmablast_plasma_cell_differentiation,Control_stratified,0.023621798999014086,0.006733267141810344,0.010424595401065813,0.03681900259696236,0.0004511116604820305,3705,24,probability,0.0011277791512050762
Class-switched lineage,plasmablast_plasma_cell_differentiation,IBD_stratified,0.023655442870950737,0.0026644621410876986,0.01843309707441885,0.028877788667482626,6.7993378331142505e-19,21708,158,probability,1.35986756662285e-17
Class-switched lineage,antibody_secretion_UPR,participant_fixed_effect,-0.0053733543836096435,0.0023469518739234517,-0.00997338005649961,-0.0007733287107196778,0.022050118396053874,25413,182,probability,0.0882004735842155
Class-switched lineage,antibody_secretion_UPR,plus_pseudotime,-0.001529231207386756,0.0022653010415066405,-0.005969221248739771,0.002910758833966259,0.4996328537732373,25413,182,probability,0.6834780724020538
Class-switched lineage,antibody_secretion_UPR,IBD_vs_control_interaction,-0.0032490637021117125,0.005917944653196614,-0.014848235222377075,0.00835010781815365,0.5829924518504621,25413,182,probability,0.6477693909449579
Class-switched lineage,antibody_secretion_UPR,Control_stratified,0.0016213617276361293,0.005419796386565306,-0.009001439190031869,0.012244162645304129,0.7648214251439658,3705,24,probability,0.8498015834932953
Class-switched lineage,antibody_secretion_UPR,IBD_stratified,-0.001314464697515829,0.0025392449646241626,-0.006291384828179187,0.00366245543314753,0.6046957450687165,21708,158,probability,0.7710838864818335
Class-switched lineage,IgG_inflammatory_plasma_cell,participant_fixed_effect,-0.004778392783389641,0.002770493187944556,-0.01020855943176097,0.0006517738649816892,0.08457353445549746,25413,182,probability,0.2416386698728499
Class-switched lineage,IgG_inflammatory_plasma_cell,plus_pseudotime,-0.002182402469212014,0.002688560008532914,-0.007451980085936525,0.003087175147512497,0.4169428076697599,25413,182,probability,0.6834780724020538
Class-switched lineage,IgG_inflammatory_plasma_cell,IBD_vs_control_interaction,-0.010059866145378063,0.008600837986210976,-0.026917508598351576,0.006797776307595449,0.24214671551819833,25413,182,probability,0.5003443334124772
Class-switched lineage,IgG_inflammatory_plasma_cell,Control_stratified,0.006916587835890256,0.008145536946262757,-0.009048664578784749,0.022881840250565263,0.3958111412123406,3705,24,probability,0.4947639265154258
Class-switched lineage,IgG_inflammatory_plasma_cell,IBD_stratified,-0.0035244127879577847,0.002808885713413917,-0.009029828786249063,0.0019810032103334927,0.20957425523567075,21708,158,probability,0.4191485104713415
Class-switched lineage,cell_cycle_proliferating_B_cell,participant_fixed_effect,-0.005086107548196062,0.0024200888463734326,-0.00982948168708799,-0.00034273340930413357,0.03558656100247321,25413,182,probability,0.11862187000824403
Class-switched lineage,cell_cycle_proliferating_B_cell,plus_pseudotime,-0.0035854623717146566,0.0023707486425656307,-0.008232129711143293,0.0010612049677139797,0.13043834166365995,25413,182,probability,0.3735098715588596
Class-switched lineage,cell_cycle_proliferating_B_cell,IBD_vs_control_interaction,-0.004535687276440514,0.005507000028905793,-0.01532940733309587,0.006258032780214842,0.41015427878819033,25413,182,probability,0.5818310091494329
Class-switched lineage,cell_cycle_proliferating_B_cell,Control_stratified,0.0006243089921521196,0.004944129920925392,-0.009066185652861648,0.010314803637165887,0.8995160082075658,3705,24,probability,0.8995160082075658
Class-switched lineage,cell_cycle_proliferating_B_cell,IBD_stratified,-0.0037951786307811397,0.002680488137983027,-0.009048935381227873,0.0014585781196655928,0.15681838881044882,21708,158,probability,0.34848530846766407
Cross-state occupancy,IgA_mucosal_plasma_cell,participant_fixed_effect,0.08604202871696917,0.06210544285061224,-0.035684639270230814,0.20776869670416914,0.16592454110314592,225,54,outcome SD,0.36872120245143536
Cross-state occupancy,IgA_mucosal_plasma_cell,plus_pseudotime,0.09712593346587114,0.06477929658436689,-0.02984148783948795,0.22409335477123024,0.1337864794016794,225,54,outcome SD,0.3735098715588596
Cross-state occupancy,IgA_mucosal_plasma_cell,IBD_stratified,0.10955862193701668,0.06545590698351424,-0.018734955750671217,0.23785219962470458,0.09417434314663714,206,47,outcome SD,0.26906955184753467
Cross-state occupancy,plasmablast_plasma_cell_differentiation,participant_fixed_effect,0.062238398793486596,0.05406578453485412,-0.043730538894827475,0.16820733648180067,0.2496661874939946,225,54,outcome SD,0.44051496040406923
Cross-state occupancy,plasmablast_plasma_cell_differentiation,plus_pseudotime,0.07850316246979058,0.05853332145600578,-0.03622214758398075,0.1932284725235619,0.17986511041633635,225,54,outcome SD,0.3735098715588596
Cross-state occupancy,plasmablast_plasma_cell_differentiation,IBD_stratified,0.08901574221877741,0.058902057301851635,-0.026432290092851793,0.2044637745304066,0.13072473259543763,206,47,outcome SD,0.32681183148859405
Cross-state occupancy,antibody_secretion_UPR,participant_fixed_effect,0.03740895509566044,0.033512629414582155,-0.02827579855692059,0.10309370874824147,0.26430897624244154,225,54,outcome SD,0.44051496040406923
Cross-state occupancy,antibody_secretion_UPR,plus_pseudotime,0.056297359886347806,0.03622557261223771,-0.014704762433638108,0.12729948220633372,0.12016584874010905,225,54,outcome SD,0.3735098715588596
Cross-state occupancy,antibody_secretion_UPR,IBD_stratified,0.06812602777158361,0.03524922582545645,-0.0009624548463110227,0.13721451038947824,0.053273693163386655,206,47,outcome SD,0.21309477265354665
Cross-state occupancy,IgG_inflammatory_plasma_cell,participant_fixed_effect,0.07972376628411885,0.061813782698641816,-0.041431247805219104,0.2008787803734568,0.19714061946846373,225,54,outcome SD,0.39428123893692746
Cross-state occupancy,IgG_inflammatory_plasma_cell,plus_pseudotime,0.08968165928479752,0.062273249638794534,-0.03237391000723977,0.2117372285768348,0.14983024007990126,225,54,outcome SD,0.3735098715588596
Cross-state occupancy,IgG_inflammatory_plasma_cell,IBD_stratified,0.10792387877396863,0.06376677091242998,-0.017058992214394136,0.2329067497623314,0.09055480598025652,206,47,outcome SD,0.26906955184753467
Cross-state occupancy,cell_cycle_proliferating_B_cell,participant_fixed_effect,-0.06453573905287668,0.07001637491035033,-0.20176783387716332,0.07269635577140995,0.3566728126589447,225,54,outcome SD,0.5487274040906841
Cross-state occupancy,cell_cycle_proliferating_B_cell,plus_pseudotime,-0.05693535527271239,0.07158319056057776,-0.19723840877144477,0.08336769822602001,0.4263964127323526,225,54,outcome SD,0.6834780724020538
Cross-state occupancy,cell_cycle_proliferating_B_cell,IBD_stratified,-0.07412414274084966,0.07976337880881867,-0.23046036520613425,0.08221207972443492,0.3527334090928431,206,47,outcome SD,0.5878890151547386
