participant,tissue,disease,module,expansion_bin,value,n_cells
C12,R,healthy,Plasma differentiation,1,3.3993292058788547,519
C12,R,healthy,Plasma differentiation,2,3.3193145456553887,132
C12,R,healthy,Plasma differentiation,3–4,3.106581299726914,95
C12,R,healthy,Plasma differentiation,≥5,2.976010168820087,35
C12,R,healthy,Antibody secretion/UPR,1,2.6744347938641218,519
C12,R,healthy,Antibody secretion/UPR,2,2.5905978333608433,132
C12,R,healthy,Antibody secretion/UPR,3–4,2.4596570318266537,95
C12,R,healthy,Antibody secretion/UPR,≥5,2.4678386441296998,35
C12,R,healthy,IgA mucosal,1,4.028121401263009,519
C12,R,healthy,IgA mucosal,2,3.987952085272707,132
C12,R,healthy,IgA mucosal,3–4,3.886849238607504,95
C12,R,healthy,IgA mucosal,≥5,3.4721746451941002,35
C12,R,healthy,IgG inflammatory,1,2.1290520570777343,519
C12,R,healthy,IgG inflammatory,2,2.0963812057137536,132
C12,R,healthy,IgG inflammatory,3–4,2.004454766816247,95
C12,R,healthy,IgG inflammatory,≥5,1.9608556936715886,35
C12,R,healthy,Cycling B,1,0.0,519
C12,R,healthy,Cycling B,2,0.0,132
C12,R,healthy,Cycling B,3–4,0.0,95
C12,R,healthy,Cycling B,≥5,0.0,35
C12,pBMC,healthy,Plasma differentiation,1,0.6497363853732508,69
C12,pBMC,healthy,Plasma differentiation,2,0.7172952268916177,6
C12,pBMC,healthy,Antibody secretion/UPR,1,1.2466340529873043,69
C12,pBMC,healthy,Antibody secretion/UPR,2,0.8524866688473127,6
C12,pBMC,healthy,IgA mucosal,1,0.4261694461116089,69
C12,pBMC,healthy,IgA mucosal,2,0.2424380738943928,6
C12,pBMC,healthy,IgG inflammatory,1,0.90896071969936,69
C12,pBMC,healthy,IgG inflammatory,2,0.22039824899490254,6
C12,pBMC,healthy,Cycling B,1,0.0,69
C12,pBMC,healthy,Cycling B,2,0.2782116668991385,6
C16,R,healthy,Plasma differentiation,1,2.568370240519239,168
C16,R,healthy,Plasma differentiation,2,2.2776050652377045,26
C16,R,healthy,Plasma differentiation,3–4,1.5075825935246843,10
C16,R,healthy,Plasma differentiation,≥5,1.9535951181864593,12
C16,R,healthy,Antibody secretion/UPR,1,2.0410563017766292,168
C16,R,healthy,Antibody secretion/UPR,2,2.1630199546576137,26
C16,R,healthy,Antibody secretion/UPR,3–4,1.760891649018247,10
C16,R,healthy,Antibody secretion/UPR,≥5,1.8007479148627377,12
C16,R,healthy,IgA mucosal,1,3.22775887996091,168
C16,R,healthy,IgA mucosal,2,3.1329215616538866,26
C16,R,healthy,IgA mucosal,3–4,2.8310176535975415,10
C16,R,healthy,IgA mucosal,≥5,2.7377001948482858,12
C16,R,healthy,IgG inflammatory,1,1.7229289797726228,168
C16,R,healthy,IgG inflammatory,2,1.6435214050899143,26
C16,R,healthy,IgG inflammatory,3–4,1.3035519959309587,10
C16,R,healthy,IgG inflammatory,≥5,1.24994629707155,12
C16,R,healthy,Cycling B,1,0.0,168
C16,R,healthy,Cycling B,2,0.0,26
C16,R,healthy,Cycling B,3–4,0.0,10
C16,R,healthy,Cycling B,≥5,0.1693582384905164,12
C16,pBMC,healthy,Plasma differentiation,1,0.8043449955757432,113
C16,pBMC,healthy,Plasma differentiation,2,0.8324064661131578,4
C16,pBMC,healthy,Antibody secretion/UPR,1,1.338992816519002,113
C16,pBMC,healthy,Antibody secretion/UPR,2,1.7356916828002078,4
C16,pBMC,healthy,IgA mucosal,1,0.5296693532286232,113
C16,pBMC,healthy,IgA mucosal,2,0.27882735052442464,4
C16,pBMC,healthy,IgG inflammatory,1,1.0168569858861922,113
C16,pBMC,healthy,IgG inflammatory,2,0.8588590311199003,4
C16,pBMC,healthy,Cycling B,1,0.5293125984375433,113
C16,pBMC,healthy,Cycling B,2,0.0,4
C17,I,healthy,Plasma differentiation,1,3.1102462063308525,91
C17,I,healthy,Plasma differentiation,2,2.8564951900846736,28
C17,I,healthy,Plasma differentiation,3–4,2.765458281585998,14
C17,I,healthy,Plasma differentiation,≥5,2.2730700240722235,17
C17,I,healthy,Antibody secretion/UPR,1,2.4935699777047873,91
C17,I,healthy,Antibody secretion/UPR,2,2.409587611886787,28
C17,I,healthy,Antibody secretion/UPR,3–4,2.311709782422091,14
C17,I,healthy,Antibody secretion/UPR,≥5,1.6949969768089297,17
C17,I,healthy,IgA mucosal,1,3.4676159963508653,91
C17,I,healthy,IgA mucosal,2,3.4800097774748355,28
C17,I,healthy,IgA mucosal,3–4,3.5916117837692765,14
C17,I,healthy,IgA mucosal,≥5,2.9566373108885604,17
C17,I,healthy,IgG inflammatory,1,2.1913952371282033,91
C17,I,healthy,IgG inflammatory,2,2.030273296477171,28
C17,I,healthy,IgG inflammatory,3–4,1.8726975321097497,14
C17,I,healthy,IgG inflammatory,≥5,1.5931452839380946,17
C17,I,healthy,Cycling B,1,0.22303732549753988,91
C17,I,healthy,Cycling B,2,0.0,28
C17,I,healthy,Cycling B,3–4,0.0,14
C17,I,healthy,Cycling B,≥5,0.0,17
C17,R,healthy,Plasma differentiation,1,2.902216008598044,206
C17,R,healthy,Plasma differentiation,2,3.0898931674434524,30
C17,R,healthy,Plasma differentiation,3–4,2.518855040392083,3
C17,R,healthy,Antibody secretion/UPR,1,2.578072133421815,206
C17,R,healthy,Antibody secretion/UPR,2,2.6192134146270725,30
C17,R,healthy,Antibody secretion/UPR,3–4,2.1963619790133055,3
C17,R,healthy,IgA mucosal,1,3.6701826232234316,206
C17,R,healthy,IgA mucosal,2,3.7602738316351756,30
C17,R,healthy,IgA mucosal,3–4,3.487329136427397,3
C17,R,healthy,IgG inflammatory,1,1.9974377891401227,206
C17,R,healthy,IgG inflammatory,2,2.029955494781913,30
C17,R,healthy,IgG inflammatory,3–4,1.942196170978599,3
C17,R,healthy,Cycling B,1,0.20016697436317346,206
C17,R,healthy,Cycling B,2,0.0,30
C17,R,healthy,Cycling B,3–4,0.0,3
C17,pBMC,healthy,Plasma differentiation,1,0.6445498596827236,67
C17,pBMC,healthy,Plasma differentiation,2,0.35049901094214286,12
C17,pBMC,healthy,Plasma differentiation,3–4,0.4106968778472094,6
C17,pBMC,healthy,Antibody secretion/UPR,1,1.6610462103691277,67
C17,pBMC,healthy,Antibody secretion/UPR,2,1.1571224215774307,12
C17,pBMC,healthy,Antibody secretion/UPR,3–4,0.7423795691115449,6
C17,pBMC,healthy,IgA mucosal,1,0.45955158897437265,67
C17,pBMC,healthy,IgA mucosal,2,0.0,12
C17,pBMC,healthy,IgA mucosal,3–4,0.251363197265494,6
C17,pBMC,healthy,IgG inflammatory,1,0.9233173001179115,67
C17,pBMC,healthy,IgG inflammatory,2,0.7596821626483132,12
C17,pBMC,healthy,IgG inflammatory,3–4,0.7055681385734045,6
C17,pBMC,healthy,Cycling B,1,0.4896538868291897,67
C17,pBMC,healthy,Cycling B,2,0.0,12
C17,pBMC,healthy,Cycling B,3–4,0.3170928677213625,6
C18,I,healthy,Plasma differentiation,1,1.0098405750096693,224
C18,I,healthy,Plasma differentiation,2,0.8778150881783042,34
C18,I,healthy,Plasma differentiation,3–4,0.45563039889682483,9
C18,I,healthy,Antibody secretion/UPR,1,1.8244188838056288,224
C18,I,healthy,Antibody secretion/UPR,2,1.480782127979103,34
C18,I,healthy,Antibody secretion/UPR,3–4,1.1153094020976986,9
C18,I,healthy,IgA mucosal,1,0.9834676018949939,224
C18,I,healthy,IgA mucosal,2,1.231235086123493,34
C18,I,healthy,IgA mucosal,3–4,0.0,9
C18,I,healthy,IgG inflammatory,1,1.1018119843432146,224
C18,I,healthy,IgG inflammatory,2,1.1079124011621375,34
C18,I,healthy,IgG inflammatory,3–4,0.4803274343909468,9
C18,I,healthy,Cycling B,1,0.5293125984375433,224
C18,I,healthy,Cycling B,2,0.0,34
C18,I,healthy,Cycling B,3–4,0.6568454336467314,9
C18,R,healthy,Plasma differentiation,1,1.0663660874872118,217
C18,R,healthy,Plasma differentiation,2,1.7420894212319633,26
C18,R,healthy,Antibody secretion/UPR,1,1.8834158839790716,217
C18,R,healthy,Antibody secretion/UPR,2,1.7439237809254804,26
C18,R,healthy,IgA mucosal,1,1.2510615522357214,217
C18,R,healthy,IgA mucosal,2,2.284563537232193,26
C18,R,healthy,IgG inflammatory,1,1.221186587175196,217
C18,R,healthy,IgG inflammatory,2,1.659308942754456,26
C18,R,healthy,Cycling B,1,0.42300652361473556,217
C18,R,healthy,Cycling B,2,0.0,26
C18,pBMC,healthy,Plasma differentiation,1,0.36795811353986807,28
C18,pBMC,healthy,Plasma differentiation,2,0.4461653755481429,2
C18,pBMC,healthy,Antibody secretion/UPR,1,1.1934774942202613,28
C18,pBMC,healthy,Antibody secretion/UPR,2,1.3612174875745704,2
C18,pBMC,healthy,IgA mucosal,1,0.0,28
C18,pBMC,healthy,IgA mucosal,2,0.6246315257674,2
C18,pBMC,healthy,IgG inflammatory,1,0.5676095734162212,28
C18,pBMC,healthy,IgG inflammatory,2,0.8201500752686308,2
C18,pBMC,healthy,Cycling B,1,0.0,28
C18,pBMC,healthy,Cycling B,2,0.0,2
C19,R,healthy,Plasma differentiation,1,2.577693894802471,506
C19,R,healthy,Plasma differentiation,2,2.4043561766044474,26
C19,R,healthy,Plasma differentiation,3–4,2.3470488224882318,6
C19,R,healthy,Antibody secretion/UPR,1,2.125375502342065,506
C19,R,healthy,Antibody secretion/UPR,2,2.1093847642300787,26
C19,R,healthy,Antibody secretion/UPR,3–4,2.081588025031744,6
C19,R,healthy,IgA mucosal,1,3.1914758069211215,506
C19,R,healthy,IgA mucosal,2,2.9774861837327777,26
C19,R,healthy,IgA mucosal,3–4,3.340420553986089,6
C19,R,healthy,IgG inflammatory,1,1.6811522041452918,506
C19,R,healthy,IgG inflammatory,2,1.6615316465196737,26
C19,R,healthy,IgG inflammatory,3–4,1.8952354710532235,6
C19,R,healthy,Cycling B,1,0.0,506
C19,R,healthy,Cycling B,2,0.0,26
C19,R,healthy,Cycling B,3–4,0.0,6
C21,I,healthy,Plasma differentiation,1,0.7389961315157043,922
C21,I,healthy,Plasma differentiation,2,0.8772058920390511,8
C21,I,healthy,Plasma differentiation,3–4,1.4374320633905608,9
C21,I,healthy,Antibody secretion/UPR,1,1.1835057782656802,922
C21,I,healthy,Antibody secretion/UPR,2,1.6860820840145054,8
C21,I,healthy,Antibody secretion/UPR,3–4,1.5381106293983349,9
C21,I,healthy,IgA mucosal,1,0.6455199759570465,922
C21,I,healthy,IgA mucosal,2,0.9221732606725965,8
C21,I,healthy,IgA mucosal,3–4,1.1422420016939079,9
C21,I,healthy,IgG inflammatory,1,1.0463265259090941,922
C21,I,healthy,IgG inflammatory,2,0.7788438363476179,8
C21,I,healthy,IgG inflammatory,3–4,0.9756486811941101,9
C21,I,healthy,Cycling B,1,0.0,922
C21,I,healthy,Cycling B,2,0.8251022393109444,8
C21,I,healthy,Cycling B,3–4,0.5606846791556791,9
C21,R,healthy,Plasma differentiation,1,3.0082370493237796,681
C21,R,healthy,Plasma differentiation,2,2.924287072375154,108
C21,R,healthy,Plasma differentiation,3–4,2.6461990006320257,41
C21,R,healthy,Plasma differentiation,≥5,2.3134261093852224,12
C21,R,healthy,Antibody secretion/UPR,1,2.429339241007581,681
C21,R,healthy,Antibody secretion/UPR,2,2.2945997581415094,108
C21,R,healthy,Antibody secretion/UPR,3–4,2.0324423408979873,41
C21,R,healthy,Antibody secretion/UPR,≥5,2.0078659632856932,12
C21,R,healthy,IgA mucosal,1,3.5278101122631567,681
C21,R,healthy,IgA mucosal,2,3.4217336730306003,108
C21,R,healthy,IgA mucosal,3–4,3.201665438639843,41
C21,R,healthy,IgA mucosal,≥5,3.1712572019175376,12
C21,R,healthy,IgG inflammatory,1,1.8741625687439842,681
C21,R,healthy,IgG inflammatory,2,1.8264133443428432,108
C21,R,healthy,IgG inflammatory,3–4,1.743035055666306,41
C21,R,healthy,IgG inflammatory,≥5,1.6627068360800026,12
C21,R,healthy,Cycling B,1,0.0,681
C21,R,healthy,Cycling B,2,0.0,108
C21,R,healthy,Cycling B,3–4,0.0,41
C21,R,healthy,Cycling B,≥5,0.0,12
C21,pBMC,healthy,Plasma differentiation,1,0.0,3
C21,pBMC,healthy,Plasma differentiation,3–4,0.0,3
C21,pBMC,healthy,Antibody secretion/UPR,1,0.7544648266321367,3
C21,pBMC,healthy,Antibody secretion/UPR,3–4,0.4051429010063811,3
C21,pBMC,healthy,IgA mucosal,1,0.0,3
C21,pBMC,healthy,IgA mucosal,3–4,0.0,3
C21,pBMC,healthy,IgG inflammatory,1,0.0,3
C21,pBMC,healthy,IgG inflammatory,3–4,0.5486076060207234,3
C21,pBMC,healthy,Cycling B,1,0.0,3
C21,pBMC,healthy,Cycling B,3–4,0.0,3
C30,I,healthy,Plasma differentiation,1,2.3772260514015082,246
C30,I,healthy,Plasma differentiation,2,2.825544295651003,16
C30,I,healthy,Plasma differentiation,3–4,1.0189423236779915,3
C30,I,healthy,Antibody secretion/UPR,1,2.0924661046049944,246
C30,I,healthy,Antibody secretion/UPR,2,2.484159924762971,16
C30,I,healthy,Antibody secretion/UPR,3–4,1.2643533992042795,3
C30,I,healthy,IgA mucosal,1,2.7506362489758995,246
C30,I,healthy,IgA mucosal,2,3.216654778498728,16
C30,I,healthy,IgA mucosal,3–4,1.5280151262819714,3
C30,I,healthy,IgG inflammatory,1,1.6573794454768263,246
C30,I,healthy,IgG inflammatory,2,1.92404042771772,16
C30,I,healthy,IgG inflammatory,3–4,1.29683568468108,3
C30,I,healthy,Cycling B,1,0.0,246
C30,I,healthy,Cycling B,2,0.0,16
C30,I,healthy,Cycling B,3–4,0.0,3
C30,R,healthy,Plasma differentiation,1,2.5911652194668866,724
C30,R,healthy,Plasma differentiation,2,2.53101262802077,172
C30,R,healthy,Plasma differentiation,3–4,2.5805865238038996,113
C30,R,healthy,Plasma differentiation,≥5,2.5029421547652455,26
C30,R,healthy,Antibody secretion/UPR,1,2.0162952075825924,724
C30,R,healthy,Antibody secretion/UPR,2,1.9417010767066378,172
C30,R,healthy,Antibody secretion/UPR,3–4,2.0812068901315004,113
C30,R,healthy,Antibody secretion/UPR,≥5,2.0198157993932675,26
C30,R,healthy,IgA mucosal,1,3.218397410225956,724
C30,R,healthy,IgA mucosal,2,3.1467616098223283,172
C30,R,healthy,IgA mucosal,3–4,3.2785765023894706,113
C30,R,healthy,IgA mucosal,≥5,3.162800028264824,26
C30,R,healthy,IgG inflammatory,1,1.6994365985748368,724
C30,R,healthy,IgG inflammatory,2,1.6513757884735987,172
C30,R,healthy,IgG inflammatory,3–4,1.6399447955289872,113
C30,R,healthy,IgG inflammatory,≥5,1.6457060992816277,26
C30,R,healthy,Cycling B,1,0.0,724
C30,R,healthy,Cycling B,2,0.0,172
C30,R,healthy,Cycling B,3–4,0.0,113
C30,R,healthy,Cycling B,≥5,0.0,26
C30,pBMC,healthy,Plasma differentiation,1,0.6458285637460144,59
C30,pBMC,healthy,Plasma differentiation,2,1.1406725282646322,4
C30,pBMC,healthy,Plasma differentiation,3–4,0.17695483602167245,6
C30,pBMC,healthy,Antibody secretion/UPR,1,1.2661114328366574,59
C30,pBMC,healthy,Antibody secretion/UPR,2,0.9627856164849415,4
C30,pBMC,healthy,Antibody secretion/UPR,3–4,0.5079217224197576,6
C30,pBMC,healthy,IgA mucosal,1,0.4520799946222101,59
C30,pBMC,healthy,IgA mucosal,2,0.5955978417238212,4
C30,pBMC,healthy,IgA mucosal,3–4,0.0,6
C30,pBMC,healthy,IgG inflammatory,1,0.8384862588509576,59
C30,pBMC,healthy,IgG inflammatory,2,1.2537461391710423,4
C30,pBMC,healthy,IgG inflammatory,3–4,0.5023752654627406,6
C30,pBMC,healthy,Cycling B,1,0.5310003137299176,59
C30,pBMC,healthy,Cycling B,2,0.0,4
C30,pBMC,healthy,Cycling B,3–4,0.0,6
C33,I,healthy,Plasma differentiation,1,1.5535861623335219,150
C33,I,healthy,Plasma differentiation,2,2.1312001798694524,6
C33,I,healthy,Antibody secretion/UPR,1,2.2333668434563085,150
C33,I,healthy,Antibody secretion/UPR,2,2.222708629059171,6
C33,I,healthy,IgA mucosal,1,1.9686326861920045,150
C33,I,healthy,IgA mucosal,2,1.9114768698392428,6
C33,I,healthy,IgG inflammatory,1,1.5435837406340962,150
C33,I,healthy,IgG inflammatory,2,1.9980345984836507,6
C33,I,healthy,Cycling B,1,0.2062841403749449,150
C33,I,healthy,Cycling B,2,0.24913376393264813,6
C33,pBMC,healthy,Plasma differentiation,1,0.6353166643574605,444
C33,pBMC,healthy,Plasma differentiation,2,0.3733877228434639,76
C33,pBMC,healthy,Plasma differentiation,3–4,0.3896081325233516,26
C33,pBMC,healthy,Plasma differentiation,≥5,0.9448426937498642,5
C33,pBMC,healthy,Antibody secretion/UPR,1,1.0157380157126563,444
C33,pBMC,healthy,Antibody secretion/UPR,2,0.6997430555946258,76
C33,pBMC,healthy,Antibody secretion/UPR,3–4,0.9184620842552995,26
C33,pBMC,healthy,Antibody secretion/UPR,≥5,1.5589174253604625,5
C33,pBMC,healthy,IgA mucosal,1,0.443891191533882,444
C33,pBMC,healthy,IgA mucosal,2,0.0,76
C33,pBMC,healthy,IgA mucosal,3–4,0.0,26
C33,pBMC,healthy,IgA mucosal,≥5,0.5845940345101734,5
C33,pBMC,healthy,IgG inflammatory,1,0.825166344861435,444
C33,pBMC,healthy,IgG inflammatory,2,0.49683149981868446,76
C33,pBMC,healthy,IgG inflammatory,3–4,0.495864895938811,26
C33,pBMC,healthy,IgG inflammatory,≥5,0.5379272606835996,5
C33,pBMC,healthy,Cycling B,1,0.5061210047171747,444
C33,pBMC,healthy,Cycling B,2,0.0,76
C33,pBMC,healthy,Cycling B,3–4,0.0,26
C33,pBMC,healthy,Cycling B,≥5,0.0,5
C9,R,healthy,Plasma differentiation,1,3.4757916902681174,32
C9,R,healthy,Plasma differentiation,2,3.143059009762383,8
C9,R,healthy,Plasma differentiation,3–4,3.5510572947794934,3
C9,R,healthy,Plasma differentiation,≥5,2.7873702419581177,26
C9,R,healthy,Antibody secretion/UPR,1,2.822186940640795,32
C9,R,healthy,Antibody secretion/UPR,2,2.4718211797024137,8
C9,R,healthy,Antibody secretion/UPR,3–4,2.4036452425829156,3
C9,R,healthy,Antibody secretion/UPR,≥5,2.0707722937468027,26
C9,R,healthy,IgA mucosal,1,4.034921179643737,32
C9,R,healthy,IgA mucosal,2,3.6380485997653933,8
C9,R,healthy,IgA mucosal,3–4,4.22139741172941,3
C9,R,healthy,IgA mucosal,≥5,3.8086148488465357,26
C9,R,healthy,IgG inflammatory,1,2.384712788307633,32
C9,R,healthy,IgG inflammatory,2,2.342079834865166,8
C9,R,healthy,IgG inflammatory,3–4,1.9083948822818464,3
C9,R,healthy,IgG inflammatory,≥5,2.011245163677833,26
C9,R,healthy,Cycling B,1,0.1991947350380172,32
C9,R,healthy,Cycling B,2,0.0,8
C9,R,healthy,Cycling B,3–4,0.0,3
C9,R,healthy,Cycling B,≥5,0.0,26
U34,R,UC,Plasma differentiation,1,3.2866045747396773,660
U34,R,UC,Plasma differentiation,2,3.1737307181194416,138
U34,R,UC,Plasma differentiation,3–4,3.004015254068325,107
U34,R,UC,Plasma differentiation,≥5,2.758167566426595,32
U34,R,UC,Antibody secretion/UPR,1,2.983348676984249,660
U34,R,UC,Antibody secretion/UPR,2,2.868401142799261,138
U34,R,UC,Antibody secretion/UPR,3–4,2.764621477085129,107
U34,R,UC,Antibody secretion/UPR,≥5,2.2594199778151336,32
U34,R,UC,IgA mucosal,1,2.8195057065697844,660
U34,R,UC,IgA mucosal,2,2.7057499155007534,138
U34,R,UC,IgA mucosal,3–4,2.575415161175642,107
U34,R,UC,IgA mucosal,≥5,2.6611380323574245,32
U34,R,UC,IgG inflammatory,1,3.834375696873228,660
U34,R,UC,IgG inflammatory,2,3.766084068713229,138
U34,R,UC,IgG inflammatory,3–4,3.5171571208190056,107
U34,R,UC,IgG inflammatory,≥5,2.63151847947217,32
U34,R,UC,Cycling B,1,0.0,660
U34,R,UC,Cycling B,2,0.0,138
U34,R,UC,Cycling B,3–4,0.0,107
U34,R,UC,Cycling B,≥5,0.0,32
U34,pBMC,UC,Plasma differentiation,1,0.6389482824752548,286
U34,pBMC,UC,Plasma differentiation,2,0.4436067469470466,18
U34,pBMC,UC,Antibody secretion/UPR,1,1.0324618485987138,286
U34,pBMC,UC,Antibody secretion/UPR,2,0.774098604820312,18
U34,pBMC,UC,IgA mucosal,1,0.47305646306762394,286
U34,pBMC,UC,IgA mucosal,2,0.5040808184902388,18
U34,pBMC,UC,IgG inflammatory,1,0.8173819389300897,286
U34,pBMC,UC,IgG inflammatory,2,0.5224430399094586,18
U34,pBMC,UC,Cycling B,1,0.5042762992210263,286
U34,pBMC,UC,Cycling B,2,0.0,18
U35,R,UC,Plasma differentiation,1,0.800510615221075,482
U35,R,UC,Plasma differentiation,2,3.389643497677052,22
U35,R,UC,Plasma differentiation,3–4,3.288930264872302,3
U35,R,UC,Antibody secretion/UPR,1,1.74928974618607,482
U35,R,UC,Antibody secretion/UPR,2,3.011128047815319,22
U35,R,UC,Antibody secretion/UPR,3–4,3.095974783966269,3
U35,R,UC,IgA mucosal,1,0.9923556152270078,482
U35,R,UC,IgA mucosal,2,2.717097032710956,22
U35,R,UC,IgA mucosal,3–4,3.56269717436816,3
U35,R,UC,IgG inflammatory,1,1.1150379276540512,482
U35,R,UC,IgG inflammatory,2,3.4184376518053474,22
U35,R,UC,IgG inflammatory,3–4,1.9034043504510245,3
U35,R,UC,Cycling B,1,0.0,482
U35,R,UC,Cycling B,2,0.0,22
U35,R,UC,Cycling B,3–4,0.0,3
U35,pBMC,UC,Plasma differentiation,1,0.3983247864634638,258
U35,pBMC,UC,Plasma differentiation,2,0.0,6
U35,pBMC,UC,Antibody secretion/UPR,1,0.8939671666195537,258
U35,pBMC,UC,Antibody secretion/UPR,2,0.8333547391144601,6
U35,pBMC,UC,IgA mucosal,1,0.0,258
U35,pBMC,UC,IgA mucosal,2,0.0,6
U35,pBMC,UC,IgG inflammatory,1,0.5586096015680118,258
U35,pBMC,UC,IgG inflammatory,2,0.6662682919201013,6
U35,pBMC,UC,Cycling B,1,0.0,258
U35,pBMC,UC,Cycling B,2,0.0,6
U41,R,UC,Plasma differentiation,1,1.0062506706955134,306
U41,R,UC,Plasma differentiation,2,2.524090243558608,14
U41,R,UC,Plasma differentiation,3–4,1.371131859187006,10
U41,R,UC,Plasma differentiation,≥5,2.4988756050971928,18
U41,R,UC,Antibody secretion/UPR,1,2.0805925317129863,306
U41,R,UC,Antibody secretion/UPR,2,2.572424799947144,14
U41,R,UC,Antibody secretion/UPR,3–4,1.3342868112015251,10
U41,R,UC,Antibody secretion/UPR,≥5,1.8832241561419474,18
U41,R,UC,IgA mucosal,1,0.9352803369260407,306
U41,R,UC,IgA mucosal,2,1.8154044316647815,14
U41,R,UC,IgA mucosal,3–4,0.8670235104974998,10
U41,R,UC,IgA mucosal,≥5,2.0672500821400757,18
U41,R,UC,IgG inflammatory,1,1.2702594719133178,306
U41,R,UC,IgG inflammatory,2,2.832604034170158,14
U41,R,UC,IgG inflammatory,3–4,1.7701338664736945,10
U41,R,UC,IgG inflammatory,≥5,1.8602896031437104,18
U41,R,UC,Cycling B,1,0.0,306
U41,R,UC,Cycling B,2,0.0,14
U41,R,UC,Cycling B,3–4,0.0,10
U41,R,UC,Cycling B,≥5,0.0,18
U41,pBMC,UC,Plasma differentiation,1,0.3707552185382096,287
U41,pBMC,UC,Antibody secretion/UPR,1,0.7125237170400118,287
U41,pBMC,UC,IgA mucosal,1,0.4741765063166549,287
U41,pBMC,UC,IgG inflammatory,1,0.5461228360798269,287
U41,pBMC,UC,Cycling B,1,0.0,287
U44,pBMC,UC,Plasma differentiation,1,0.39469753799060747,212
U44,pBMC,UC,Plasma differentiation,2,0.4305164352699853,10
U44,pBMC,UC,Antibody secretion/UPR,1,1.1750610723670656,212
U44,pBMC,UC,Antibody secretion/UPR,2,0.4410140683253791,10
U44,pBMC,UC,IgA mucosal,1,0.4811787687378323,212
U44,pBMC,UC,IgA mucosal,2,0.0,10
U44,pBMC,UC,IgG inflammatory,1,0.5618126872629103,212
U44,pBMC,UC,IgG inflammatory,2,0.25115695177871744,10
U44,pBMC,UC,Cycling B,1,0.0,212
U44,pBMC,UC,Cycling B,2,0.0,10
U45,R,UC,Plasma differentiation,1,3.325264264742858,337
U45,R,UC,Plasma differentiation,2,3.2508675936161917,56
U45,R,UC,Plasma differentiation,3–4,2.80595784624121,12
U45,R,UC,Antibody secretion/UPR,1,2.7606284216844537,337
U45,R,UC,Antibody secretion/UPR,2,2.7705929825097204,56
U45,R,UC,Antibody secretion/UPR,3–4,2.7498927410094396,12
U45,R,UC,IgA mucosal,1,2.8525877694124238,337
U45,R,UC,IgA mucosal,2,2.8352190727308866,56
U45,R,UC,IgA mucosal,3–4,2.09862017205507,12
U45,R,UC,IgG inflammatory,1,3.3229423530663853,337
U45,R,UC,IgG inflammatory,2,3.3159948055416524,56
U45,R,UC,IgG inflammatory,3–4,2.861830533221533,12
U45,R,UC,Cycling B,1,0.0,337
U45,R,UC,Cycling B,2,0.0,56
U45,R,UC,Cycling B,3–4,0.0,12
U45,pBMC,UC,Plasma differentiation,1,0.36017371915558966,413
U45,pBMC,UC,Plasma differentiation,2,0.3867413516853878,18
U45,pBMC,UC,Plasma differentiation,3–4,0.44880869609218577,6
U45,pBMC,UC,Antibody secretion/UPR,1,0.7418032984533193,413
U45,pBMC,UC,Antibody secretion/UPR,2,0.8135066265708576,18
U45,pBMC,UC,Antibody secretion/UPR,3–4,0.8526192109572996,6
U45,pBMC,UC,IgA mucosal,1,0.0,413
U45,pBMC,UC,IgA mucosal,2,0.0,18
U45,pBMC,UC,IgA mucosal,3–4,0.0,6
U45,pBMC,UC,IgG inflammatory,1,0.5157113736674022,413
U45,pBMC,UC,IgG inflammatory,2,0.21983099577052173,18
U45,pBMC,UC,IgG inflammatory,3–4,0.6128061854145458,6
U45,pBMC,UC,Cycling B,1,0.0,413
U45,pBMC,UC,Cycling B,2,0.0,18
U45,pBMC,UC,Cycling B,3–4,0.0,6
U4,R,UC,Plasma differentiation,1,3.348097853779321,262
U4,R,UC,Plasma differentiation,2,3.415824244232267,38
U4,R,UC,Plasma differentiation,3–4,3.3571338372034374,24
U4,R,UC,Antibody secretion/UPR,1,2.800268105199028,262
U4,R,UC,Antibody secretion/UPR,2,2.9108133640351115,38
U4,R,UC,Antibody secretion/UPR,3–4,2.5302192890365682,24
U4,R,UC,IgA mucosal,1,3.143066738713359,262
U4,R,UC,IgA mucosal,2,3.615558664122814,38
U4,R,UC,IgA mucosal,3–4,3.1057144048176584,24
U4,R,UC,IgG inflammatory,1,3.6744964189350013,262
U4,R,UC,IgG inflammatory,2,3.7164541386881313,38
U4,R,UC,IgG inflammatory,3–4,2.9611390790850654,24
U4,R,UC,Cycling B,1,0.0,262
U4,R,UC,Cycling B,2,0.0,38
U4,R,UC,Cycling B,3–4,0.0,24
U4,pBMC,UC,Plasma differentiation,1,0.36353692363073353,234
U4,pBMC,UC,Antibody secretion/UPR,1,1.0337108226119884,234
U4,pBMC,UC,IgA mucosal,1,0.0,234
U4,pBMC,UC,IgG inflammatory,1,0.5882239233046446,234
U4,pBMC,UC,Cycling B,1,0.0,234
U5,R,UC,Plasma differentiation,1,0.5010010992773428,689
U5,R,UC,Plasma differentiation,2,1.023407303501918,48
U5,R,UC,Plasma differentiation,3–4,0.4938414244465683,16
U5,R,UC,Plasma differentiation,≥5,1.738778829610436,6
U5,R,UC,Antibody secretion/UPR,1,1.1511674652898956,689
U5,R,UC,Antibody secretion/UPR,2,1.2379693316017473,48
U5,R,UC,Antibody secretion/UPR,3–4,1.0422982440191346,16
U5,R,UC,Antibody secretion/UPR,≥5,1.453908707321999,6
U5,R,UC,IgA mucosal,1,0.5476861958311282,689
U5,R,UC,IgA mucosal,2,0.8003939092282609,48
U5,R,UC,IgA mucosal,3–4,0.6543020270673183,16
U5,R,UC,IgA mucosal,≥5,0.7275186760582393,6
U5,R,UC,IgG inflammatory,1,0.9536971750642361,689
U5,R,UC,IgG inflammatory,2,1.1934421822173307,48
U5,R,UC,IgG inflammatory,3–4,1.2260160782418412,16
U5,R,UC,IgG inflammatory,≥5,1.4188476371134804,6
U5,R,UC,Cycling B,1,0.0,689
U5,R,UC,Cycling B,2,0.0,48
U5,R,UC,Cycling B,3–4,0.0,16
U5,R,UC,Cycling B,≥5,3.565243685728299,6
U5,pBMC,UC,Plasma differentiation,1,0.39120442559366303,665
U5,pBMC,UC,Plasma differentiation,2,0.3825525962692068,62
U5,pBMC,UC,Plasma differentiation,3–4,0.4694772902339022,43
U5,pBMC,UC,Antibody secretion/UPR,1,0.7245890145603008,665
U5,pBMC,UC,Antibody secretion/UPR,2,0.6775248486365315,62
U5,pBMC,UC,Antibody secretion/UPR,3–4,0.7931689041279398,43
U5,pBMC,UC,IgA mucosal,1,0.0,665
U5,pBMC,UC,IgA mucosal,2,0.0,62
U5,pBMC,UC,IgA mucosal,3–4,0.0,43
U5,pBMC,UC,IgG inflammatory,1,0.5268780951407979,665
U5,pBMC,UC,IgG inflammatory,2,0.4665481337762152,62
U5,pBMC,UC,IgG inflammatory,3–4,0.5564995911055776,43
U5,pBMC,UC,Cycling B,1,0.0,665
U5,pBMC,UC,Cycling B,2,0.0,62
U5,pBMC,UC,Cycling B,3–4,0.0,43
